{
  "agent": "ESARSA",
  "problem": "MountainCar",
  "total_steps": 200000,
  "episode_cutoff": 10000,
  "metaParameters": {
    "alpha": [
      0.25,
      0.2871745887492587,
      0.32987697769322355,
      0.37892914162759955,
      0.43527528164806206,
      0.5,
      0.5743491774985174,
      0.6597539553864471,
      0.757858283255199,
      0.8705505632961241,
      1.0,
      1.148698354997035,
      1.3195079107728942,
      1.515716566510398,
      1.7411011265922482
    ],
    "epsilon": [
      0
    ],
    "lambda": [
      0.99,
      0.98,
      0.96,
      0.92,
      0.84,
      0.68,
      0
    ],
    "representation": {
      "which_tc": "RichTileCoder",
      "wrap_time": false,
      "tiles": 8,
      "tilings": 8
    }
  }
}
