S17176_1:101		Capture_1:201		Capture_2:202		Capture_3:203		Capture_4:204		Capture_5:205		Capture_6:206		Capture_7:207		Capture_8:208		Capture_9:209		Capture_10:210		Capture_11:211		Capture_12:212		Capture_13:213		
337.498	1	337.498	4	337.498	3	337.498	4	337.498	2	337.498	1	337.498	2	337.498	1	337.498	2	337.498	6	337.498	2	337.498	4	337.498	4	337.498	2	
337.947	5	337.947	1	337.947	1	337.947	0	337.947	3	337.947	4	337.947	5	337.947	2	337.947	1	337.947	-2	337.947	2	337.947	-1	337.947	2	337.947	4	
338.397	0	338.397	3	338.397	2	338.397	0	338.397	-1	338.397	4	338.397	2	338.397	0	338.397	2	338.397	2	338.397	5	338.397	3	338.397	2	338.397	0	
338.846	-3	338.846	2	338.846	-3	338.846	5	338.846	-3	338.846	-4	338.846	-3	338.846	2	338.846	2	338.846	-1	338.846	-3	338.846	-1	338.846	4	338.846	3	
339.295	-2	339.295	0	339.295	-1	339.295	-2	339.295	-2	339.295	-5	339.295	0	339.295	0	339.295	1	339.295	0	339.295	-5	339.295	-1	339.295	-3	339.295	2	
339.745	3	339.745	2	339.745	4	339.745	0	339.745	1	339.745	2	339.745	8	339.745	2	339.745	3	339.745	1	339.745	2	339.745	-2	339.745	4	339.745	2	
340.194	2	340.194	0	340.194	1	340.194	2	340.194	1	340.194	1	340.194	1	340.194	3	340.194	0	340.194	2	340.194	2	340.194	-2	340.194	3	340.194	5	
340.644	-1	340.644	-3	340.644	-1	340.644	2	340.644	-2	340.644	-3	340.644	-4	340.644	-1	340.644	2	340.644	-2	340.644	-2	340.644	1	340.644	0	340.644	0	
341.094	1	341.094	-1	341.094	-1	341.094	-4	341.094	3	341.094	-1	341.094	0	341.094	0	341.094	0	341.094	2	341.094	0	341.094	-3	341.094	0	341.094	-2	
341.544	2	341.544	7	341.544	3	341.544	3	341.544	7	341.544	3	341.544	6	341.544	5	341.544	2	341.544	3	341.544	6	341.544	4	341.544	1	341.544	4	
341.994	-2	341.994	1	341.994	1	341.994	3	341.994	1	341.994	1	341.994	-1	341.994	-1	341.994	-1	341.994	1	341.994	4	341.994	-4	341.994	-1	341.994	-3	
342.444	2	342.444	1	342.444	-1	342.444	1	342.444	1	342.444	-2	342.444	-3	342.444	2	342.444	-1	342.444	2	342.444	0	342.444	-1	342.444	1	342.444	3	
342.894	4	342.894	1	342.894	-2	342.894	0	342.894	-1	342.894	0	342.894	0	342.894	2	342.894	2	342.894	0	342.894	0	342.894	2	342.894	1	342.894	4	
343.344	2	343.344	5	343.344	2	343.344	1	343.344	4	343.344	3	343.344	2	343.344	2	343.344	7	343.344	-1	343.344	7	343.344	5	343.344	5	343.344	2	
343.794	0	343.794	-1	343.794	-2	343.794	-2	343.794	2	343.794	-1	343.794	-1	343.794	1	343.794	-2	343.794	-1	343.794	3	343.794	-3	343.794	3	343.794	0	
344.244	3	344.244	-4	344.244	4	344.244	3	344.244	4	344.244	2	344.244	2	344.244	2	344.244	-2	344.244	4	344.244	-3	344.244	-3	344.244	0	344.244	2	
344.695	0	344.695	0	344.695	0	344.695	-4	344.695	1	344.695	3	344.695	1	344.695	1	344.695	0	344.695	1	344.695	-4	344.695	5	344.695	3	344.695	2	
345.145	0	345.145	0	345.145	2	345.145	-2	345.145	2	345.145	0	345.145	-1	345.145	-4	345.145	-2	345.145	-4	345.145	-5	345.145	0	345.145	-2	345.145	-2	
345.596	-1	345.596	-1	345.596	-1	345.596	-1	345.596	-2	345.596	0	345.596	1	345.596	-1	345.596	3	345.596	1	345.596	2	345.596	2	345.596	3	345.596	-3	
346.046	3	346.046	-1	346.046	2	346.046	0	346.046	2	346.046	2	346.046	2	346.046	4	346.046	1	346.046	2	346.046	2	346.046	2	346.046	2	346.046	1	
346.497	3	346.497	4	346.497	-1	346.497	1	346.497	3	346.497	1	346.497	3	346.497	5	346.497	0	346.497	6	346.497	0	346.497	4	346.497	0	346.497	4	
346.948	2	346.948	2	346.948	6	346.948	6	346.948	0	346.948	0	346.948	3	346.948	5	346.948	3	346.948	2	346.948	0	346.948	-1	346.948	3	346.948	2	
347.399	-1	347.399	-3	347.399	1	347.399	2	347.399	4	347.399	1	347.399	0	347.399	-1	347.399	3	347.399	1	347.399	3	347.399	-2	347.399	1	347.399	0	
347.85	1	347.85	4	347.85	0	347.85	3	347.85	5	347.85	1	347.85	1	347.85	3	347.85	4	347.85	0	347.85	1	347.85	3	347.85	1	347.85	8	
348.301	2	348.301	2	348.301	7	348.301	-3	348.301	-2	348.301	1	348.301	-3	348.301	-1	348.301	-2	348.301	2	348.301	1	348.301	2	348.301	-1	348.301	-1	
348.752	6	348.752	4	348.752	0	348.752	4	348.752	5	348.752	0	348.752	3	348.752	2	348.752	5	348.752	4	348.752	2	348.752	4	348.752	1	348.752	3	
349.203	0	349.203	2	349.203	3	349.203	-2	349.203	2	349.203	4	349.203	1	349.203	2	349.203	-1	349.203	-2	349.203	-1	349.203	-3	349.203	-2	349.203	1	
349.654	4	349.654	5	349.654	2	349.654	4	349.654	-1	349.654	2	349.654	0	349.654	4	349.654	5	349.654	4	349.654	1	349.654	2	349.654	2	349.654	3	
350.106	-1	350.106	3	350.106	0	350.106	1	350.106	3	350.106	0	350.106	0	350.106	-2	350.106	-3	350.106	3	350.106	-2	350.106	1	350.106	0	350.106	-2	
350.557	0	350.557	-3	350.557	-4	350.557	1	350.557	3	350.557	0	350.557	-1	350.557	-3	350.557	3	350.557	5	350.557	0	350.557	-1	350.557	0	350.557	-4	
351.009	1	351.009	3	351.009	-2	351.009	-2	351.009	1	351.009	-2	351.009	0	351.009	-4	351.009	3	351.009	-1	351.009	0	351.009	-1	351.009	-2	351.009	-3	
351.46	-1	351.46	-6	351.46	4	351.46	0	351.46	1	351.46	2	351.46	-1	351.46	5	351.46	2	351.46	0	351.46	7	351.46	1	351.46	-1	351.46	-3	
351.912	9	351.912	7	351.912	2	351.912	-2	351.912	2	351.912	4	351.912	5	351.912	3	351.912	3	351.912	3	351.912	-1	351.912	4	351.912	2	351.912	6	
352.364	3	352.364	-1	352.364	0	352.364	-2	352.364	1	352.364	-2	352.364	-2	352.364	-2	352.364	1	352.364	-1	352.364	-3	352.364	1	352.364	-2	352.364	0	
352.816	0	352.816	0	352.816	-1	352.816	3	352.816	4	352.816	2	352.816	0	352.816	0	352.816	3	352.816	5	352.816	2	352.816	7	352.816	1	352.816	1	
353.267	3	353.267	4	353.267	-1	353.267	3	353.267	1	353.267	3	353.267	-1	353.267	3	353.267	0	353.267	-1	353.267	4	353.267	2	353.267	0	353.267	5	
353.719	4	353.719	1	353.719	3	353.719	1	353.719	3	353.719	-3	353.719	3	353.719	2	353.719	0	353.719	2	353.719	-2	353.719	3	353.719	1	353.719	3	
354.172	3	354.172	2	354.172	0	354.172	4	354.172	3	354.172	2	354.172	0	354.172	0	354.172	3	354.172	0	354.172	3	354.172	2	354.172	7	354.172	4	
354.624	-1	354.624	3	354.624	-1	354.624	-1	354.624	5	354.624	3	354.624	-1	354.624	-1	354.624	2	354.624	1	354.624	1	354.624	4	354.624	2	354.624	0	
355.076	2	355.076	2	355.076	0	355.076	-2	355.076	-4	355.076	-3	355.076	-2	355.076	2	355.076	2	355.076	-1	355.076	0	355.076	0	355.076	-2	355.076	0	
355.528	2	355.528	9	355.528	5	355.528	-1	355.528	3	355.528	0	355.528	1	355.528	5	355.528	-3	355.528	3	355.528	4	355.528	3	355.528	4	355.528	0	
355.981	1	355.981	1	355.981	4	355.981	4	355.981	2	355.981	1	355.981	2	355.981	2	355.981	4	355.981	3	355.981	0	355.981	6	355.981	3	355.981	4	
356.433	3	356.433	0	356.433	1	356.433	3	356.433	-1	356.433	2	356.433	-3	356.433	3	356.433	5	356.433	4	356.433	3	356.433	4	356.433	3	356.433	0	
356.886	-2	356.886	0	356.886	-2	356.886	-4	356.886	-5	356.886	-4	356.886	-4	356.886	2	356.886	-1	356.886	-1	356.886	-2	356.886	1	356.886	-1	356.886	-3	
357.338	0	357.338	2	357.338	0	357.338	-7	357.338	-3	357.338	-2	357.338	-4	357.338	3	357.338	-3	357.338	-2	357.338	-1	357.338	-3	357.338	-5	357.338	1	
357.791	2	357.791	6	357.791	-1	357.791	1	357.791	0	357.791	3	357.791	2	357.791	-1	357.791	2	357.791	1	357.791	1	357.791	1	357.791	4	357.791	-1	
358.244	0	358.244	0	358.244	4	358.244	0	358.244	4	358.244	3	358.244	5	358.244	3	358.244	3	358.244	2	358.244	3	358.244	7	358.244	4	358.244	4	
358.697	-4	358.697	-3	358.697	-7	358.697	-6	358.697	-3	358.697	-5	358.697	-2	358.697	-3	358.697	-1	358.697	-3	358.697	-2	358.697	-3	358.697	-8	358.697	-3	
359.15	3	359.15	0	359.15	-6	359.15	0	359.15	6	359.15	0	359.15	2	359.15	2	359.15	3	359.15	6	359.15	-5	359.15	4	359.15	-2	359.15	2	
359.603	0	359.603	1	359.603	-2	359.603	-1	359.603	2	359.603	-1	359.603	-5	359.603	1	359.603	2	359.603	-3	359.603	-1	359.603	1	359.603	-6	359.603	4	
360.056	0	360.056	1	360.056	0	360.056	3	360.056	-3	360.056	0	360.056	-1	360.056	2	360.056	-10	360.056	1	360.056	0	360.056	0	360.056	3	360.056	-2	
360.509	2	360.509	-1	360.509	2	360.509	2	360.509	1	360.509	1	360.509	6	360.509	1	360.509	0	360.509	1	360.509	3	360.509	-2	360.509	0	360.509	-1	
360.962	0	360.962	0	360.962	0	360.962	-2	360.962	-1	360.962	-2	360.962	1	360.962	-1	360.962	-1	360.962	2	360.962	0	360.962	-3	360.962	-6	360.962	0	
361.416	3	361.416	3	361.416	4	361.416	2	361.416	2	361.416	5	361.416	3	361.416	5	361.416	5	361.416	6	361.416	4	361.416	4	361.416	0	361.416	-1	
361.869	4	361.869	0	361.869	0	361.869	2	361.869	4	361.869	5	361.869	1	361.869	2	361.869	5	361.869	4	361.869	5	361.869	2	361.869	1	361.869	-1	
362.323	5	362.323	2	362.323	-2	362.323	2	362.323	3	362.323	-6	362.323	-1	362.323	1	362.323	1	362.323	1	362.323	1	362.323	2	362.323	1	362.323	0	
362.776	1	362.776	2	362.776	-2	362.776	-3	362.776	-4	362.776	-2	362.776	0	362.776	0	362.776	-6	362.776	-2	362.776	1	362.776	-1	362.776	1	362.776	-1	
363.23	2	363.23	2	363.23	2	363.23	3	363.23	2	363.23	1	363.23	2	363.23	1	363.23	0	363.23	2	363.23	-1	363.23	2	363.23	1	363.23	5	
363.684	-5	363.684	-4	363.684	-4	363.684	0	363.684	-2	363.684	0	363.684	-1	363.684	-5	363.684	-5	363.684	-4	363.684	-4	363.684	2	363.684	-1	363.684	-3	
364.138	2	364.138	1	364.138	0	364.138	4	364.138	-4	364.138	2	364.138	1	364.138	4	364.138	2	364.138	2	364.138	0	364.138	1	364.138	0	364.138	0	
364.591	5	364.591	4	364.591	5	364.591	2	364.591	2	364.591	-2	364.591	3	364.591	6	364.591	4	364.591	10	364.591	3	364.591	1	364.591	2	364.591	4	
365.045	2	365.045	3	365.045	2	365.045	4	365.045	0	365.045	4	365.045	6	365.045	5	365.045	4	365.045	3	365.045	1	365.045	2	365.045	-1	365.045	3	
365.499	3	365.499	1	365.499	3	365.499	5	365.499	4	365.499	3	365.499	1	365.499	4	365.499	5	365.499	2	365.499	2	365.499	-2	365.499	0	365.499	2	
365.954	2	365.954	2	365.954	3	365.954	2	365.954	3	365.954	1	365.954	4	365.954	3	365.954	5	365.954	3	365.954	0	365.954	3	365.954	0	365.954	1	
366.408	-1	366.408	-2	366.408	-1	366.408	2	366.408	-1	366.408	-2	366.408	0	366.408	-1	366.408	-3	366.408	1	366.408	3	366.408	1	366.408	1	366.408	0	
366.862	3	366.862	-2	366.862	0	366.862	2	366.862	2	366.862	2	366.862	2	366.862	3	366.862	1	366.862	3	366.862	0	366.862	-1	366.862	-2	366.862	2	
367.316	4	367.316	-1	367.316	6	367.316	1	367.316	4	367.316	2	367.316	-2	367.316	3	367.316	2	367.316	5	367.316	0	367.316	4	367.316	0	367.316	1	
367.771	0	367.771	5	367.771	5	367.771	-7	367.771	0	367.771	2	367.771	3	367.771	2	367.771	3	367.771	2	367.771	1	367.771	1	367.771	4	367.771	6	
368.225	3	368.225	5	368.225	5	368.225	7	368.225	4	368.225	3	368.225	4	368.225	5	368.225	6	368.225	4	368.225	3	368.225	0	368.225	0	368.225	4	
368.68	3	368.68	0	368.68	3	368.68	-1	368.68	3	368.68	-1	368.68	1	368.68	4	368.68	0	368.68	1	368.68	-3	368.68	1	368.68	2	368.68	0	
369.135	3	369.135	3	369.135	1	369.135	4	369.135	2	369.135	4	369.135	3	369.135	0	369.135	4	369.135	2	369.135	6	369.135	3	369.135	4	369.135	3	
369.59	-1	369.59	2	369.59	1	369.59	0	369.59	3	369.59	-2	369.59	0	369.59	-1	369.59	0	369.59	2	369.59	0	369.59	1	369.59	1	369.59	0	
370.044	5	370.044	4	370.044	4	370.044	-1	370.044	-2	370.044	-2	370.044	1	370.044	-2	370.044	-3	370.044	4	370.044	-3	370.044	1	370.044	-3	370.044	4	
370.499	-1	370.499	4	370.499	4	370.499	2	370.499	3	370.499	-2	370.499	-1	370.499	1	370.499	1	370.499	2	370.499	3	370.499	1	370.499	-3	370.499	5	
370.954	-1	370.954	4	370.954	5	370.954	5	370.954	4	370.954	1	370.954	-1	370.954	8	370.954	3	370.954	-1	370.954	0	370.954	2	370.954	-1	370.954	2	
371.409	-3	371.409	2	371.409	2	371.409	1	371.409	1	371.409	2	371.409	1	371.409	0	371.409	-3	371.409	-5	371.409	3	371.409	3	371.409	-1	371.409	-3	
371.864	0	371.864	2	371.864	5	371.864	0	371.864	3	371.864	4	371.864	-8	371.864	3	371.864	7	371.864	3	371.864	3	371.864	0	371.864	-3	371.864	2	
372.32	7	372.32	1	372.32	1	372.32	2	372.32	5	372.32	0	372.32	2	372.32	1	372.32	3	372.32	0	372.32	2	372.32	3	372.32	-1	372.32	1	
372.775	-1	372.775	1	372.775	2	372.775	3	372.775	1	372.775	2	372.775	-2	372.775	2	372.775	0	372.775	2	372.775	2	372.775	1	372.775	2	372.775	4	
373.23	-1	373.23	2	373.23	-3	373.23	-3	373.23	-4	373.23	-3	373.23	0	373.23	2	373.23	-1	373.23	-4	373.23	3	373.23	-2	373.23	2	373.23	0	
373.686	0	373.686	1	373.686	-2	373.686	-3	373.686	-1	373.686	0	373.686	0	373.686	0	373.686	1	373.686	1	373.686	3	373.686	-2	373.686	3	373.686	1	
374.141	5	374.141	1	374.141	2	374.141	2	374.141	1	374.141	3	374.141	4	374.141	1	374.141	-1	374.141	2	374.141	1	374.141	2	374.141	2	374.141	-1	
374.597	3	374.597	-2	374.597	6	374.597	2	374.597	5	374.597	3	374.597	4	374.597	3	374.597	4	374.597	4	374.597	2	374.597	5	374.597	0	374.597	6	
375.053	0	375.053	5	375.053	2	375.053	0	375.053	5	375.053	-1	375.053	4	375.053	3	375.053	0	375.053	0	375.053	2	375.053	7	375.053	0	375.053	-1	
375.508	1	375.508	6	375.508	2	375.508	0	375.508	6	375.508	4	375.508	1	375.508	0	375.508	1	375.508	0	375.508	3	375.508	2	375.508	2	375.508	3	
375.964	4	375.964	3	375.964	0	375.964	1	375.964	-1	375.964	0	375.964	-2	375.964	1	375.964	0	375.964	0	375.964	-1	375.964	-2	375.964	0	375.964	-1	
376.42	1	376.42	1	376.42	3	376.42	4	376.42	-1	376.42	0	376.42	2	376.42	5	376.42	-2	376.42	-1	376.42	-1	376.42	4	376.42	-4	376.42	1	
376.876	-12	376.876	-4	376.876	-10	376.876	-5	376.876	-5	376.876	-5	376.876	-8	376.876	-3	376.876	-6	376.876	-6	376.876	-5	376.876	-9	376.876	-8	376.876	-8	
377.332	0	377.332	1	377.332	-2	377.332	-2	377.332	0	377.332	2	377.332	0	377.332	-1	377.332	3	377.332	0	377.332	0	377.332	-3	377.332	1	377.332	-2	
377.788	2	377.788	-2	377.788	1	377.788	2	377.788	0	377.788	4	377.788	0	377.788	2	377.788	3	377.788	4	377.788	1	377.788	0	377.788	-1	377.788	5	
378.244	0	378.244	1	378.244	-4	378.244	3	378.244	0	378.244	-1	378.244	-2	378.244	3	378.244	-1	378.244	1	378.244	-3	378.244	1	378.244	1	378.244	2	
378.701	2	378.701	2	378.701	5	378.701	4	378.701	-1	378.701	1	378.701	5	378.701	5	378.701	1	378.701	1	378.701	1	378.701	5	378.701	5	378.701	-1	
379.157	3	379.157	1	379.157	0	379.157	2	379.157	0	379.157	0	379.157	1	379.157	-3	379.157	4	379.157	2	379.157	5	379.157	1	379.157	-3	379.157	0	
379.614	0	379.614	0	379.614	4	379.614	5	379.614	4	379.614	2	379.614	5	379.614	6	379.614	1	379.614	0	379.614	1	379.614	3	379.614	4	379.614	3	
380.07	-1	380.07	3	380.07	-1	380.07	3	380.07	-1	380.07	0	380.07	2	380.07	2	380.07	-3	380.07	1	380.07	2	380.07	1	380.07	-1	380.07	-1	
380.527	3	380.527	1	380.527	2	380.527	1	380.527	3	380.527	-2	380.527	1	380.527	3	380.527	-1	380.527	4	380.527	-1	380.527	3	380.527	0	380.527	-2	
380.983	0	380.983	0	380.983	1	380.983	2	380.983	5	380.983	2	380.983	2	380.983	2	380.983	1	380.983	3	380.983	0	380.983	3	380.983	-4	380.983	5	
381.44	1	381.44	2	381.44	-1	381.44	2	381.44	3	381.44	2	381.44	-1	381.44	2	381.44	3	381.44	1	381.44	-1	381.44	0	381.44	0	381.44	0	
381.897	1	381.897	3	381.897	0	381.897	0	381.897	6	381.897	0	381.897	1	381.897	3	381.897	1	381.897	-2	381.897	4	381.897	0	381.897	-2	381.897	1	
382.354	-2	382.354	0	382.354	0	382.354	-4	382.354	0	382.354	-2	382.354	-1	382.354	-2	382.354	-1	382.354	1	382.354	-3	382.354	-3	382.354	-4	382.354	-2	
382.811	4	382.811	2	382.811	2	382.811	0	382.811	6	382.811	0	382.811	0	382.811	1	382.811	2	382.811	1	382.811	-1	382.811	3	382.811	2	382.811	-1	
383.268	3	383.268	4	383.268	2	383.268	-2	383.268	4	383.268	1	383.268	2	383.268	3	383.268	4	383.268	2	383.268	3	383.268	3	383.268	6	383.268	3	
383.725	4	383.725	4	383.725	1	383.725	0	383.725	3	383.725	3	383.725	1	383.725	3	383.725	4	383.725	2	383.725	5	383.725	6	383.725	2	383.725	3	
384.182	0	384.182	-1	384.182	1	384.182	-3	384.182	1	384.182	-4	384.182	2	384.182	1	384.182	-1	384.182	1	384.182	1	384.182	-4	384.182	-7	384.182	2	
384.639	4	384.639	5	384.639	1	384.639	2	384.639	-2	384.639	1	384.639	1	384.639	1	384.639	2	384.639	1	384.639	-3	384.639	2	384.639	-3	384.639	-1	
385.097	2	385.097	1	385.097	4	385.097	0	385.097	4	385.097	-1	385.097	2	385.097	-1	385.097	3	385.097	2	385.097	2	385.097	3	385.097	0	385.097	3	
385.554	-2	385.554	0	385.554	0	385.554	-1	385.554	0	385.554	3	385.554	0	385.554	1	385.554	1	385.554	0	385.554	0	385.554	1	385.554	0	385.554	-1	
386.011	-2	386.011	-6	386.011	-1	386.011	-2	386.011	-1	386.011	-1	386.011	-2	386.011	-2	386.011	-1	386.011	-1	386.011	1	386.011	3	386.011	-2	386.011	-3	
386.469	1	386.469	2	386.469	4	386.469	3	386.469	1	386.469	-1	386.469	2	386.469	1	386.469	3	386.469	1	386.469	0	386.469	-1	386.469	-3	386.469	4	
386.927	0	386.927	3	386.927	2	386.927	4	386.927	6	386.927	4	386.927	3	386.927	2	386.927	4	386.927	5	386.927	-2	386.927	-1	386.927	-3	386.927	6	
387.384	2	387.384	1	387.384	-1	387.384	2	387.384	2	387.384	0	387.384	-4	387.384	0	387.384	3	387.384	0	387.384	3	387.384	8	387.384	3	387.384	1	
387.842	0	387.842	3	387.842	3	387.842	-1	387.842	3	387.842	-3	387.842	1	387.842	-1	387.842	-4	387.842	6	387.842	0	387.842	4	387.842	3	387.842	-3	
388.3	4	388.3	6	388.3	5	388.3	1	388.3	1	388.3	3	388.3	4	388.3	1	388.3	3	388.3	2	388.3	2	388.3	0	388.3	5	388.3	3	
388.758	-2	388.758	2	388.758	-1	388.758	0	388.758	1	388.758	2	388.758	5	388.758	5	388.758	4	388.758	2	388.758	3	388.758	2	388.758	3	388.758	2	
389.216	2	389.216	-1	389.216	-1	389.216	-3	389.216	0	389.216	-3	389.216	-1	389.216	0	389.216	-2	389.216	-1	389.216	-2	389.216	0	389.216	-6	389.216	1	
389.674	2	389.674	2	389.674	1	389.674	0	389.674	2	389.674	2	389.674	4	389.674	7	389.674	7	389.674	5	389.674	1	389.674	3	389.674	6	389.674	2	
390.132	4	390.132	6	390.132	4	390.132	1	390.132	4	390.132	1	390.132	7	390.132	0	390.132	4	390.132	3	390.132	7	390.132	3	390.132	1	390.132	5	
390.59	5	390.59	2	390.59	0	390.59	1	390.59	2	390.59	3	390.59	3	390.59	-1	390.59	3	390.59	2	390.59	0	390.59	0	390.59	1	390.59	0	
391.049	0	391.049	2	391.049	1	391.049	-3	391.049	0	391.049	-3	391.049	-1	391.049	-2	391.049	0	391.049	1	391.049	-2	391.049	-4	391.049	0	391.049	-1	
391.507	1	391.507	-1	391.507	4	391.507	2	391.507	-5	391.507	2	391.507	5	391.507	5	391.507	0	391.507	-1	391.507	2	391.507	0	391.507	2	391.507	1	
391.965	-1	391.965	-1	391.965	6	391.965	1	391.965	5	391.965	0	391.965	3	391.965	0	391.965	-3	391.965	3	391.965	2	391.965	2	391.965	7	391.965	-1	
392.424	4	392.424	6	392.424	4	392.424	1	392.424	1	392.424	1	392.424	5	392.424	0	392.424	2	392.424	4	392.424	5	392.424	1	392.424	1	392.424	5	
392.882	1	392.882	2	392.882	3	392.882	0	392.882	-1	392.882	-3	392.882	-3	392.882	0	392.882	-3	392.882	-1	392.882	-1	392.882	-3	392.882	1	392.882	2	
393.341	3	393.341	-2	393.341	1	393.341	4	393.341	3	393.341	0	393.341	0	393.341	3	393.341	2	393.341	1	393.341	-1	393.341	-1	393.341	-1	393.341	0	
393.8	1	393.8	1	393.8	0	393.8	2	393.8	-2	393.8	0	393.8	2	393.8	4	393.8	-1	393.8	2	393.8	2	393.8	-1	393.8	2	393.8	2	
394.259	0	394.259	6	394.259	1	394.259	2	394.259	2	394.259	3	394.259	-1	394.259	0	394.259	1	394.259	2	394.259	2	394.259	3	394.259	5	394.259	1	
394.718	3	394.718	1	394.718	3	394.718	2	394.718	3	394.718	-3	394.718	5	394.718	0	394.718	1	394.718	3	394.718	1	394.718	3	394.718	0	394.718	1	
395.176	-1	395.176	1	395.176	1	395.176	2	395.176	3	395.176	2	395.176	-5	395.176	3	395.176	2	395.176	4	395.176	3	395.176	1	395.176	-1	395.176	-3	
395.635	5	395.635	4	395.635	1	395.635	0	395.635	3	395.635	-1	395.635	2	395.635	1	395.635	2	395.635	3	395.635	-1	395.635	5	395.635	-2	395.635	0	
396.095	3	396.095	4	396.095	1	396.095	5	396.095	3	396.095	6	396.095	3	396.095	1	396.095	1	396.095	3	396.095	1	396.095	2	396.095	2	396.095	6	
396.554	3	396.554	0	396.554	1	396.554	0	396.554	0	396.554	1	396.554	0	396.554	0	396.554	3	396.554	1	396.554	-2	396.554	4	396.554	2	396.554	1	
397.013	-3	397.013	1	397.013	2	397.013	-1	397.013	3	397.013	1	397.013	0	397.013	0	397.013	0	397.013	2	397.013	-1	397.013	-2	397.013	-3	397.013	0	
397.472	-2	397.472	1	397.472	1	397.472	3	397.472	3	397.472	-1	397.472	1	397.472	2	397.472	2	397.472	2	397.472	0	397.472	0	397.472	0	397.472	2	
397.932	0	397.932	-1	397.932	0	397.932	0	397.932	-3	397.932	-3	397.932	-4	397.932	-2	397.932	0	397.932	-1	397.932	3	397.932	1	397.932	0	397.932	1	
398.391	-2	398.391	0	398.391	-4	398.391	-1	398.391	1	398.391	-3	398.391	0	398.391	1	398.391	2	398.391	0	398.391	0	398.391	-1	398.391	0	398.391	-3	
398.851	-2	398.851	-1	398.851	0	398.851	2	398.851	-3	398.851	1	398.851	4	398.851	0	398.851	4	398.851	1	398.851	-1	398.851	1	398.851	-4	398.851	0	
399.31	7	399.31	3	399.31	3	399.31	4	399.31	7	399.31	6	399.31	2	399.31	0	399.31	4	399.31	4	399.31	5	399.31	1	399.31	6	399.31	2	
399.77	-6	399.77	-1	399.77	-3	399.77	-1	399.77	-4	399.77	-3	399.77	-2	399.77	-1	399.77	-2	399.77	-2	399.77	2	399.77	-1	399.77	-1	399.77	0	
400.23	2	400.23	1	400.23	-2	400.23	2	400.23	-1	400.23	-1	400.23	0	400.23	1	400.23	0	400.23	4	400.23	6	400.23	1	400.23	-3	400.23	6	
400.689	0	400.689	3	400.689	0	400.689	4	400.689	1	400.689	0	400.689	2	400.689	-1	400.689	4	400.689	1	400.689	5	400.689	4	400.689	1	400.689	2	
401.149	3	401.149	-1	401.149	2	401.149	-2	401.149	3	401.149	6	401.149	1	401.149	1	401.149	4	401.149	1	401.149	2	401.149	0	401.149	4	401.149	-1	
401.609	1	401.609	4	401.609	3	401.609	1	401.609	-2	401.609	3	401.609	2	401.609	5	401.609	-4	401.609	2	401.609	3	401.609	3	401.609	4	401.609	0	
402.069	5	402.069	2	402.069	1	402.069	-1	402.069	1	402.069	0	402.069	0	402.069	5	402.069	3	402.069	2	402.069	-3	402.069	-2	402.069	-1	402.069	4	
402.529	3	402.529	1	402.529	-1	402.529	1	402.529	1	402.529	-2	402.529	1	402.529	0	402.529	2	402.529	0	402.529	2	402.529	0	402.529	-4	402.529	-1	
402.989	2	402.989	-2	402.989	-3	402.989	3	402.989	2	402.989	-2	402.989	-1	402.989	1	402.989	0	402.989	4	402.989	3	402.989	2	402.989	3	402.989	-1	
403.45	2	403.45	3	403.45	0	403.45	0	403.45	-3	403.45	4	403.45	-2	403.45	2	403.45	-1	403.45	0	403.45	2	403.45	2	403.45	2	403.45	4	
403.91	3	403.91	3	403.91	4	403.91	0	403.91	5	403.91	1	403.91	2	403.91	3	403.91	5	403.91	4	403.91	3	403.91	3	403.91	1	403.91	2	
404.37	3	404.37	2	404.37	-1	404.37	-1	404.37	2	404.37	1	404.37	0	404.37	3	404.37	2	404.37	7	404.37	0	404.37	-1	404.37	-2	404.37	3	
404.831	2	404.831	-2	404.831	-2	404.831	3	404.831	1	404.831	5	404.831	1	404.831	2	404.831	0	404.831	1	404.831	1	404.831	6	404.831	0	404.831	4	
405.291	-1	405.291	3	405.291	1	405.291	6	405.291	3	405.291	5	405.291	7	405.291	3	405.291	4	405.291	5	405.291	3	405.291	5	405.291	5	405.291	4	
405.752	2	405.752	3	405.752	-1	405.752	2	405.752	4	405.752	0	405.752	-1	405.752	1	405.752	-3	405.752	2	405.752	0	405.752	-5	405.752	2	405.752	0	
406.213	-1	406.213	-4	406.213	-2	406.213	1	406.213	7	406.213	-1	406.213	-1	406.213	-1	406.213	2	406.213	1	406.213	-3	406.213	3	406.213	0	406.213	0	
406.673	2	406.673	0	406.673	1	406.673	-6	406.673	1	406.673	0	406.673	3	406.673	0	406.673	-1	406.673	0	406.673	1	406.673	0	406.673	-3	406.673	0	
407.134	0	407.134	-2	407.134	1	407.134	2	407.134	-2	407.134	-2	407.134	-3	407.134	1	407.134	-2	407.134	1	407.134	1	407.134	-2	407.134	4	407.134	1	
407.595	-1	407.595	0	407.595	1	407.595	2	407.595	0	407.595	1	407.595	-1	407.595	3	407.595	1	407.595	4	407.595	0	407.595	1	407.595	3	407.595	2	
408.056	3	408.056	2	408.056	0	408.056	0	408.056	0	408.056	-1	408.056	-1	408.056	1	408.056	2	408.056	5	408.056	0	408.056	-1	408.056	0	408.056	4	
408.517	3	408.517	1	408.517	0	408.517	1	408.517	2	408.517	1	408.517	3	408.517	3	408.517	4	408.517	9	408.517	4	408.517	3	408.517	2	408.517	1	
408.978	1	408.978	2	408.978	3	408.978	2	408.978	4	408.978	5	408.978	5	408.978	2	408.978	2	408.978	2	408.978	4	408.978	3	408.978	2	408.978	3	
409.439	-1	409.439	-1	409.439	1	409.439	2	409.439	1	409.439	-2	409.439	2	409.439	0	409.439	1	409.439	-3	409.439	-4	409.439	-1	409.439	-2	409.439	-2	
409.9	-1	409.9	-3	409.9	-2	409.9	0	409.9	3	409.9	0	409.9	2	409.9	-2	409.9	0	409.9	-1	409.9	-7	409.9	-3	409.9	-4	409.9	0	
410.362	3	410.362	-1	410.362	1	410.362	-3	410.362	-1	410.362	3	410.362	1	410.362	1	410.362	1	410.362	-1	410.362	-1	410.362	-4	410.362	-1	410.362	-2	
410.823	1	410.823	5	410.823	3	410.823	2	410.823	-1	410.823	5	410.823	0	410.823	4	410.823	1	410.823	-1	410.823	6	410.823	0	410.823	-1	410.823	2	
411.284	5	411.284	2	411.284	1	411.284	-1	411.284	0	411.284	1	411.284	1	411.284	4	411.284	1	411.284	3	411.284	3	411.284	2	411.284	-1	411.284	0	
411.746	0	411.746	-3	411.746	-1	411.746	-2	411.746	-1	411.746	-8	411.746	1	411.746	2	411.746	-2	411.746	0	411.746	-2	411.746	-2	411.746	-1	411.746	-9	
412.207	4	412.207	3	412.207	-1	412.207	-1	412.207	-2	412.207	-2	412.207	0	412.207	3	412.207	0	412.207	2	412.207	-4	412.207	-3	412.207	2	412.207	0	
412.669	1	412.669	4	412.669	4	412.669	3	412.669	5	412.669	1	412.669	5	412.669	1	412.669	4	412.669	2	412.669	0	412.669	0	412.669	5	412.669	2	
413.131	2	413.131	2	413.131	0	413.131	-1	413.131	1	413.131	-2	413.131	-2	413.131	5	413.131	1	413.131	-2	413.131	1	413.131	3	413.131	1	413.131	3	
413.593	0	413.593	-1	413.593	0	413.593	-3	413.593	-3	413.593	3	413.593	-2	413.593	0	413.593	-2	413.593	-4	413.593	-1	413.593	-2	413.593	0	413.593	0	
414.054	2	414.054	0	414.054	-1	414.054	-2	414.054	-1	414.054	0	414.054	1	414.054	3	414.054	0	414.054	4	414.054	0	414.054	-1	414.054	-1	414.054	-4	
414.516	1	414.516	3	414.516	-1	414.516	4	414.516	4	414.516	1	414.516	2	414.516	0	414.516	2	414.516	1	414.516	6	414.516	6	414.516	2	414.516	1	
414.978	-3	414.978	4	414.978	0	414.978	4	414.978	4	414.978	1	414.978	1	414.978	5	414.978	-2	414.978	3	414.978	3	414.978	4	414.978	5	414.978	2	
415.44	3	415.44	0	415.44	0	415.44	2	415.44	0	415.44	-1	415.44	1	415.44	-3	415.44	1	415.44	3	415.44	-2	415.44	2	415.44	-3	415.44	0	
415.902	2	415.902	0	415.902	-1	415.902	3	415.902	1	415.902	2	415.902	3	415.902	4	415.902	0	415.902	1	415.902	2	415.902	1	415.902	5	415.902	-2	
416.365	3	416.365	5	416.365	2	416.365	3	416.365	2	416.365	2	416.365	-4	416.365	4	416.365	5	416.365	5	416.365	4	416.365	6	416.365	0	416.365	2	
416.827	7	416.827	1	416.827	4	416.827	0	416.827	0	416.827	4	416.827	-2	416.827	2	416.827	1	416.827	3	416.827	-2	416.827	1	416.827	2	416.827	7	
417.289	-1	417.289	-4	417.289	2	417.289	-2	417.289	-2	417.289	-5	417.289	1	417.289	3	417.289	-2	417.289	1	417.289	-6	417.289	-2	417.289	-2	417.289	3	
417.752	7	417.752	3	417.752	-1	417.752	1	417.752	0	417.752	0	417.752	5	417.752	-1	417.752	1	417.752	3	417.752	0	417.752	7	417.752	4	417.752	5	
418.214	6	418.214	2	418.214	2	418.214	2	418.214	0	418.214	0	418.214	0	418.214	5	418.214	1	418.214	0	418.214	-3	418.214	1	418.214	-2	418.214	1	
418.677	0	418.677	5	418.677	4	418.677	-1	418.677	-2	418.677	-2	418.677	-1	418.677	0	418.677	1	418.677	2	418.677	2	418.677	2	418.677	-4	418.677	1	
419.139	-1	419.139	1	419.139	0	419.139	-1	419.139	3	419.139	-3	419.139	-2	419.139	3	419.139	-1	419.139	-2	419.139	-3	419.139	-2	419.139	0	419.139	-1	
419.602	-1	419.602	-4	419.602	-1	419.602	1	419.602	-4	419.602	2	419.602	3	419.602	-2	419.602	-1	419.602	1	419.602	-1	419.602	-5	419.602	-1	419.602	-6	
420.065	1	420.065	6	420.065	5	420.065	4	420.065	5	420.065	5	420.065	4	420.065	4	420.065	4	420.065	3	420.065	4	420.065	4	420.065	-1	420.065	2	
420.527	6	420.527	2	420.527	1	420.527	6	420.527	6	420.527	5	420.527	1	420.527	4	420.527	3	420.527	1	420.527	2	420.527	3	420.527	4	420.527	4	
420.99	0	420.99	1	420.99	2	420.99	1	420.99	4	420.99	1	420.99	4	420.99	6	420.99	2	420.99	6	420.99	1	420.99	0	420.99	1	420.99	4	
421.453	0	421.453	-2	421.453	4	421.453	-2	421.453	3	421.453	-2	421.453	0	421.453	-3	421.453	4	421.453	4	421.453	0	421.453	-2	421.453	4	421.453	2	
421.916	1	421.916	0	421.916	1	421.916	-1	421.916	0	421.916	-2	421.916	-1	421.916	2	421.916	1	421.916	2	421.916	1	421.916	1	421.916	-1	421.916	-1	
422.379	3	422.379	3	422.379	2	422.379	0	422.379	3	422.379	4	422.379	4	422.379	4	422.379	2	422.379	-2	422.379	1	422.379	3	422.379	3	422.379	1	
422.842	-1	422.842	-2	422.842	3	422.842	1	422.842	1	422.842	-4	422.842	3	422.842	-1	422.842	1	422.842	-2	422.842	-2	422.842	0	422.842	0	422.842	3	
423.306	-1	423.306	3	423.306	5	423.306	-2	423.306	0	423.306	0	423.306	-1	423.306	2	423.306	-1	423.306	0	423.306	0	423.306	-1	423.306	0	423.306	0	
423.769	6	423.769	4	423.769	-1	423.769	5	423.769	6	423.769	4	423.769	4	423.769	1	423.769	3	423.769	5	423.769	1	423.769	2	423.769	0	423.769	1	
424.232	-5	424.232	-8	424.232	-5	424.232	-1	424.232	-5	424.232	-4	424.232	-8	424.232	-3	424.232	-5	424.232	-8	424.232	-5	424.232	-3	424.232	-7	424.232	-4	
424.696	-4	424.696	-1	424.696	-2	424.696	-4	424.696	-5	424.696	1	424.696	0	424.696	0	424.696	-2	424.696	0	424.696	3	424.696	-1	424.696	-1	424.696	1	
425.159	-3	425.159	-2	425.159	-2	425.159	-1	425.159	3	425.159	-3	425.159	-3	425.159	1	425.159	0	425.159	-1	425.159	-2	425.159	1	425.159	-3	425.159	-2	
425.623	3	425.623	-3	425.623	2	425.623	2	425.623	2	425.623	1	425.623	3	425.623	3	425.623	0	425.623	2	425.623	4	425.623	-3	425.623	-3	425.623	1	
426.086	-2	426.086	1	426.086	-1	426.086	3	426.086	2	426.086	-2	426.086	1	426.086	1	426.086	0	426.086	1	426.086	-3	426.086	3	426.086	1	426.086	1	
426.55	1	426.55	3	426.55	0	426.55	-5	426.55	3	426.55	1	426.55	2	426.55	4	426.55	-1	426.55	1	426.55	-4	426.55	3	426.55	3	426.55	2	
427.014	-2	427.014	3	427.014	-1	427.014	-4	427.014	1	427.014	-1	427.014	2	427.014	-2	427.014	-1	427.014	1	427.014	-2	427.014	-3	427.014	2	427.014	-2	
427.477	-4	427.477	2	427.477	-3	427.477	-2	427.477	-3	427.477	-1	427.477	-3	427.477	-2	427.477	1	427.477	-2	427.477	0	427.477	-3	427.477	-2	427.477	-2	
427.941	5	427.941	-1	427.941	-2	427.941	3	427.941	-1	427.941	3	427.941	1	427.941	-1	427.941	1	427.941	2	427.941	4	427.941	0	427.941	1	427.941	1	
428.405	1	428.405	1	428.405	0	428.405	2	428.405	0	428.405	0	428.405	0	428.405	3	428.405	3	428.405	2	428.405	-1	428.405	2	428.405	1	428.405	5	
428.869	-2	428.869	2	428.869	3	428.869	2	428.869	2	428.869	-2	428.869	-2	428.869	-1	428.869	1	428.869	2	428.869	-1	428.869	1	428.869	-1	428.869	-4	
429.333	-1	429.333	0	429.333	-3	429.333	-3	429.333	-1	429.333	-2	429.333	-2	429.333	-1	429.333	-2	429.333	-1	429.333	1	429.333	-3	429.333	-4	429.333	0	
429.797	-2	429.797	-3	429.797	-5	429.797	0	429.797	2	429.797	1	429.797	0	429.797	0	429.797	1	429.797	-1	429.797	-3	429.797	1	429.797	1	429.797	-9	
430.262	5	430.262	0	430.262	-1	430.262	0	430.262	5	430.262	2	430.262	2	430.262	0	430.262	3	430.262	3	430.262	0	430.262	4	430.262	0	430.262	-1	
430.726	0	430.726	0	430.726	4	430.726	-1	430.726	2	430.726	2	430.726	0	430.726	2	430.726	3	430.726	5	430.726	1	430.726	4	430.726	1	430.726	5	
431.19	6	431.19	3	431.19	1	431.19	1	431.19	3	431.19	4	431.19	-1	431.19	5	431.19	-2	431.19	2	431.19	4	431.19	4	431.19	2	431.19	2	
431.655	1	431.655	-1	431.655	-3	431.655	-2	431.655	0	431.655	-1	431.655	-1	431.655	-1	431.655	1	431.655	-2	431.655	4	431.655	1	431.655	-4	431.655	0	
432.119	-1	432.119	-3	432.119	-3	432.119	4	432.119	-2	432.119	1	432.119	0	432.119	3	432.119	-2	432.119	-1	432.119	2	432.119	-2	432.119	0	432.119	-3	
432.584	1	432.584	2	432.584	2	432.584	2	432.584	2	432.584	1	432.584	3	432.584	0	432.584	-2	432.584	2	432.584	0	432.584	6	432.584	-2	432.584	1	
433.048	1	433.048	-6	433.048	0	433.048	-1	433.048	0	433.048	3	433.048	0	433.048	2	433.048	-2	433.048	-4	433.048	-5	433.048	-1	433.048	-1	433.048	0	
433.513	1	433.513	1	433.513	0	433.513	2	433.513	3	433.513	1	433.513	6	433.513	3	433.513	-1	433.513	3	433.513	6	433.513	2	433.513	-1	433.513	1	
433.977	1	433.977	4	433.977	4	433.977	-1	433.977	3	433.977	1	433.977	4	433.977	4	433.977	5	433.977	1	433.977	6	433.977	1	433.977	1	433.977	-3	
434.442	1	434.442	1	434.442	2	434.442	2	434.442	0	434.442	-2	434.442	2	434.442	1	434.442	0	434.442	3	434.442	-1	434.442	2	434.442	4	434.442	0	
434.907	4	434.907	0	434.907	1	434.907	-1	434.907	2	434.907	-1	434.907	-1	434.907	8	434.907	0	434.907	1	434.907	5	434.907	5	434.907	2	434.907	-1	
435.372	3	435.372	3	435.372	-2	435.372	0	435.372	2	435.372	2	435.372	2	435.372	3	435.372	-1	435.372	-3	435.372	1	435.372	3	435.372	-3	435.372	-2	
435.837	0	435.837	2	435.837	-2	435.837	-1	435.837	2	435.837	0	435.837	2	435.837	3	435.837	3	435.837	3	435.837	-1	435.837	7	435.837	3	435.837	-1	
436.302	1	436.302	0	436.302	-1	436.302	2	436.302	1	436.302	-4	436.302	2	436.302	-1	436.302	-3	436.302	1	436.302	0	436.302	0	436.302	0	436.302	0	
436.767	0	436.767	-1	436.767	4	436.767	-1	436.767	2	436.767	-2	436.767	-3	436.767	-3	436.767	2	436.767	1	436.767	-2	436.767	2	436.767	3	436.767	-1	
437.232	3	437.232	0	437.232	3	437.232	1	437.232	2	437.232	4	437.232	9	437.232	2	437.232	1	437.232	3	437.232	3	437.232	3	437.232	1	437.232	1	
437.698	-2	437.698	2	437.698	0	437.698	-2	437.698	-2	437.698	-1	437.698	0	437.698	-3	437.698	2	437.698	0	437.698	0	437.698	2	437.698	-1	437.698	0	
438.163	2	438.163	4	438.163	-1	438.163	1	438.163	1	438.163	-1	438.163	0	438.163	2	438.163	3	438.163	1	438.163	-1	438.163	-1	438.163	-1	438.163	1	
438.628	1	438.628	7	438.628	1	438.628	6	438.628	1	438.628	1	438.628	-2	438.628	3	438.628	0	438.628	1	438.628	-1	438.628	5	438.628	6	438.628	0	
439.094	2	439.094	0	439.094	-1	439.094	-2	439.094	-1	439.094	3	439.094	4	439.094	1	439.094	2	439.094	2	439.094	-2	439.094	-2	439.094	2	439.094	2	
439.559	2	439.559	-1	439.559	-1	439.559	-2	439.559	0	439.559	1	439.559	-3	439.559	5	439.559	6	439.559	-1	439.559	3	439.559	3	439.559	1	439.559	0	
440.025	1	440.025	-1	440.025	-3	440.025	-2	440.025	-3	440.025	1	440.025	-2	440.025	-2	440.025	1	440.025	1	440.025	-2	440.025	3	440.025	-2	440.025	-2	
440.49	2	440.49	1	440.49	2	440.49	2	440.49	4	440.49	2	440.49	1	440.49	-1	440.49	3	440.49	2	440.49	1	440.49	2	440.49	2	440.49	-1	
440.956	2	440.956	1	440.956	-3	440.956	2	440.956	4	440.956	2	440.956	2	440.956	3	440.956	0	440.956	2	440.956	1	440.956	-1	440.956	0	440.956	1	
441.422	1	441.422	-2	441.422	3	441.422	4	441.422	5	441.422	1	441.422	4	441.422	5	441.422	8	441.422	0	441.422	2	441.422	5	441.422	2	441.422	5	
441.888	-2	441.888	-3	441.888	1	441.888	-1	441.888	2	441.888	6	441.888	0	441.888	3	441.888	3	441.888	1	441.888	-1	441.888	2	441.888	2	441.888	2	
442.354	4	442.354	4	442.354	4	442.354	3	442.354	4	442.354	3	442.354	3	442.354	9	442.354	-1	442.354	4	442.354	5	442.354	1	442.354	-1	442.354	0	
442.819	6	442.819	1	442.819	5	442.819	2	442.819	2	442.819	2	442.819	1	442.819	2	442.819	-1	442.819	3	442.819	5	442.819	0	442.819	5	442.819	6	
443.286	2	443.286	-3	443.286	2	443.286	0	443.286	-1	443.286	1	443.286	-1	443.286	4	443.286	-3	443.286	-1	443.286	2	443.286	1	443.286	0	443.286	2	
443.752	0	443.752	-3	443.752	0	443.752	-2	443.752	2	443.752	0	443.752	1	443.752	2	443.752	6	443.752	-3	443.752	1	443.752	0	443.752	-3	443.752	-1	
444.218	1	444.218	0	444.218	3	444.218	2	444.218	4	444.218	2	444.218	-4	444.218	3	444.218	1	444.218	-1	444.218	1	444.218	3	444.218	-1	444.218	1	
444.684	5	444.684	-2	444.684	1	444.684	1	444.684	3	444.684	0	444.684	6	444.684	2	444.684	0	444.684	4	444.684	0	444.684	3	444.684	4	444.684	2	
445.15	-2	445.15	0	445.15	-2	445.15	2	445.15	2	445.15	-4	445.15	-4	445.15	2	445.15	-3	445.15	-2	445.15	1	445.15	-1	445.15	-1	445.15	0	
445.617	1	445.617	2	445.617	4	445.617	3	445.617	0	445.617	2	445.617	0	445.617	2	445.617	3	445.617	2	445.617	-1	445.617	1	445.617	-1	445.617	2	
446.083	1	446.083	-2	446.083	4	446.083	-2	446.083	1	446.083	2	446.083	-5	446.083	0	446.083	-3	446.083	2	446.083	3	446.083	-5	446.083	-3	446.083	0	
446.549	1	446.549	-1	446.549	1	446.549	3	446.549	0	446.549	-4	446.549	-2	446.549	2	446.549	2	446.549	5	446.549	-2	446.549	-3	446.549	1	446.549	3	
447.016	-1	447.016	3	447.016	2	447.016	1	447.016	0	447.016	-2	447.016	4	447.016	2	447.016	-1	447.016	2	447.016	4	447.016	4	447.016	1	447.016	1	
447.482	2	447.482	2	447.482	3	447.482	2	447.482	2	447.482	5	447.482	3	447.482	4	447.482	3	447.482	0	447.482	1	447.482	2	447.482	1	447.482	1	
447.949	0	447.949	0	447.949	-2	447.949	2	447.949	3	447.949	-2	447.949	-6	447.949	1	447.949	3	447.949	-1	447.949	-3	447.949	1	447.949	0	447.949	0	
448.416	-1	448.416	-1	448.416	-4	448.416	4	448.416	1	448.416	-5	448.416	-1	448.416	-1	448.416	0	448.416	-2	448.416	2	448.416	-1	448.416	-2	448.416	1	
448.883	-1	448.883	1	448.883	1	448.883	-3	448.883	-1	448.883	1	448.883	1	448.883	2	448.883	0	448.883	-1	448.883	2	448.883	2	448.883	2	448.883	3	
449.349	0	449.349	-1	449.349	2	449.349	0	449.349	1	449.349	1	449.349	0	449.349	-5	449.349	3	449.349	1	449.349	-2	449.349	-3	449.349	-1	449.349	0	
449.816	4	449.816	3	449.816	2	449.816	2	449.816	0	449.816	-3	449.816	-1	449.816	2	449.816	1	449.816	-2	449.816	3	449.816	1	449.816	0	449.816	-2	
450.283	4	450.283	5	450.283	3	450.283	4	450.283	2	450.283	3	450.283	5	450.283	4	450.283	0	450.283	1	450.283	6	450.283	3	450.283	2	450.283	2	
450.75	1	450.75	-1	450.75	1	450.75	2	450.75	-1	450.75	1	450.75	4	450.75	5	450.75	1	450.75	3	450.75	3	450.75	2	450.75	3	450.75	1	
451.217	2	451.217	-1	451.217	0	451.217	-1	451.217	2	451.217	3	451.217	5	451.217	5	451.217	5	451.217	2	451.217	2	451.217	1	451.217	0	451.217	0	
451.684	1	451.684	5	451.684	3	451.684	-2	451.684	-2	451.684	-2	451.684	4	451.684	3	451.684	5	451.684	0	451.684	2	451.684	3	451.684	-2	451.684	1	
452.152	1	452.152	4	452.152	-1	452.152	5	452.152	4	452.152	4	452.152	7	452.152	3	452.152	4	452.152	3	452.152	0	452.152	2	452.152	-1	452.152	2	
452.619	-3	452.619	3	452.619	0	452.619	-3	452.619	-1	452.619	0	452.619	5	452.619	0	452.619	-2	452.619	0	452.619	-4	452.619	-2	452.619	-4	452.619	-1	
453.086	1	453.086	3	453.086	3	453.086	6	453.086	5	453.086	4	453.086	4	453.086	2	453.086	5	453.086	4	453.086	2	453.086	3	453.086	2	453.086	4	
453.554	5	453.554	5	453.554	5	453.554	2	453.554	2	453.554	-1	453.554	2	453.554	4	453.554	6	453.554	6	453.554	1	453.554	3	453.554	2	453.554	3	
454.021	6	454.021	5	454.021	1	454.021	4	454.021	3	454.021	3	454.021	3	454.021	2	454.021	4	454.021	4	454.021	3	454.021	0	454.021	5	454.021	5	
454.489	0	454.489	-1	454.489	0	454.489	0	454.489	-2	454.489	2	454.489	1	454.489	3	454.489	0	454.489	2	454.489	0	454.489	2	454.489	2	454.489	2	
454.956	1	454.956	2	454.956	3	454.956	3	454.956	2	454.956	-4	454.956	4	454.956	6	454.956	0	454.956	4	454.956	3	454.956	-1	454.956	1	454.956	-2	
455.424	6	455.424	6	455.424	3	455.424	0	455.424	2	455.424	5	455.424	2	455.424	5	455.424	4	455.424	4	455.424	4	455.424	2	455.424	2	455.424	3	
455.892	2	455.892	1	455.892	-2	455.892	0	455.892	3	455.892	0	455.892	2	455.892	1	455.892	3	455.892	1	455.892	2	455.892	1	455.892	0	455.892	0	
456.359	3	456.359	1	456.359	3	456.359	-2	456.359	1	456.359	-2	456.359	-1	456.359	3	456.359	0	456.359	4	456.359	3	456.359	0	456.359	1	456.359	1	
456.827	-3	456.827	-3	456.827	8	456.827	0	456.827	4	456.827	-1	456.827	2	456.827	0	456.827	2	456.827	1	456.827	4	456.827	2	456.827	-1	456.827	5	
457.295	2	457.295	3	457.295	2	457.295	2	457.295	8	457.295	5	457.295	0	457.295	0	457.295	3	457.295	-3	457.295	4	457.295	3	457.295	1	457.295	9	
457.763	1	457.763	2	457.763	2	457.763	2	457.763	1	457.763	0	457.763	1	457.763	1	457.763	3	457.763	-2	457.763	0	457.763	3	457.763	1	457.763	0	
458.231	-3	458.231	-2	458.231	2	458.231	-1	458.231	1	458.231	-3	458.231	2	458.231	1	458.231	-2	458.231	-1	458.231	-1	458.231	1	458.231	1	458.231	1	
458.699	-4	458.699	-2	458.699	0	458.699	1	458.699	1	458.699	-1	458.699	2	458.699	-1	458.699	-2	458.699	0	458.699	1	458.699	-2	458.699	-1	458.699	-2	
459.167	3	459.167	3	459.167	-1	459.167	0	459.167	3	459.167	1	459.167	1	459.167	7	459.167	5	459.167	1	459.167	-1	459.167	5	459.167	-2	459.167	2	
459.635	-1	459.635	-1	459.635	-1	459.635	-1	459.635	-1	459.635	-1	459.635	-1	459.635	0	459.635	1	459.635	1	459.635	-2	459.635	4	459.635	-1	459.635	-2	
460.104	-1	460.104	1	460.104	0	460.104	-1	460.104	2	460.104	-1	460.104	-2	460.104	-1	460.104	2	460.104	2	460.104	-1	460.104	1	460.104	-1	460.104	-2	
460.572	-2	460.572	-2	460.572	-5	460.572	-1	460.572	1	460.572	1	460.572	2	460.572	2	460.572	-4	460.572	-1	460.572	2	460.572	0	460.572	3	460.572	0	
461.04	-2	461.04	1	461.04	1	461.04	2	461.04	1	461.04	4	461.04	3	461.04	3	461.04	-1	461.04	3	461.04	0	461.04	-1	461.04	0	461.04	4	
461.509	2	461.509	1	461.509	2	461.509	0	461.509	-2	461.509	0	461.509	3	461.509	1	461.509	3	461.509	-2	461.509	2	461.509	5	461.509	6	461.509	1	
461.977	1	461.977	5	461.977	0	461.977	-2	461.977	4	461.977	4	461.977	-1	461.977	0	461.977	1	461.977	3	461.977	0	461.977	0	461.977	1	461.977	4	
462.446	6	462.446	1	462.446	4	462.446	-1	462.446	5	462.446	1	462.446	1	462.446	5	462.446	2	462.446	4	462.446	6	462.446	5	462.446	2	462.446	2	
462.914	3	462.914	5	462.914	3	462.914	3	462.914	1	462.914	2	462.914	2	462.914	2	462.914	-1	462.914	1	462.914	1	462.914	-1	462.914	5	462.914	6	
463.383	9	463.383	-1	463.383	1	463.383	7	463.383	4	463.383	4	463.383	4	463.383	3	463.383	0	463.383	5	463.383	5	463.383	5	463.383	5	463.383	3	
463.852	-1	463.852	2	463.852	5	463.852	2	463.852	3	463.852	0	463.852	2	463.852	5	463.852	0	463.852	6	463.852	-2	463.852	7	463.852	1	463.852	1	
464.32	-3	464.32	1	464.32	1	464.32	0	464.32	3	464.32	3	464.32	-1	464.32	5	464.32	1	464.32	1	464.32	-1	464.32	0	464.32	-1	464.32	-1	
464.789	3	464.789	4	464.789	1	464.789	2	464.789	2	464.789	0	464.789	0	464.789	3	464.789	-1	464.789	2	464.789	3	464.789	1	464.789	1	464.789	0	
465.258	-5	465.258	0	465.258	-1	465.258	0	465.258	-1	465.258	-7	465.258	0	465.258	-3	465.258	0	465.258	-6	465.258	-3	465.258	3	465.258	-4	465.258	-1	
465.727	3	465.727	1	465.727	-4	465.727	-2	465.727	-1	465.727	5	465.727	-1	465.727	-3	465.727	-1	465.727	1	465.727	-4	465.727	3	465.727	0	465.727	0	
466.196	0	466.196	1	466.196	3	466.196	1	466.196	4	466.196	-4	466.196	2	466.196	5	466.196	-2	466.196	2	466.196	0	466.196	0	466.196	-2	466.196	0	
466.665	2	466.665	4	466.665	1	466.665	5	466.665	-2	466.665	-3	466.665	-1	466.665	5	466.665	1	466.665	2	466.665	5	466.665	2	466.665	-1	466.665	2	
467.134	2	467.134	3	467.134	1	467.134	2	467.134	6	467.134	3	467.134	1	467.134	3	467.134	-2	467.134	0	467.134	2	467.134	1	467.134	-1	467.134	4	
467.604	-2	467.604	1	467.604	-3	467.604	-3	467.604	-2	467.604	-1	467.604	7	467.604	2	467.604	-1	467.604	2	467.604	-1	467.604	2	467.604	4	467.604	-6	
468.073	6	468.073	3	468.073	0	468.073	5	468.073	2	468.073	0	468.073	2	468.073	3	468.073	2	468.073	10	468.073	3	468.073	5	468.073	8	468.073	6	
468.542	-1	468.542	0	468.542	0	468.542	-3	468.542	5	468.542	6	468.542	-1	468.542	3	468.542	-1	468.542	2	468.542	-3	468.542	0	468.542	2	468.542	0	
469.012	0	469.012	-3	469.012	0	469.012	-3	469.012	1	469.012	-4	469.012	0	469.012	2	469.012	1	469.012	-3	469.012	-1	469.012	2	469.012	3	469.012	-1	
469.481	1	469.481	6	469.481	0	469.481	4	469.481	4	469.481	1	469.481	-4	469.481	4	469.481	2	469.481	4	469.481	-1	469.481	-1	469.481	7	469.481	3	
469.95	-2	469.95	3	469.95	1	469.95	3	469.95	1	469.95	3	469.95	-2	469.95	4	469.95	2	469.95	1	469.95	3	469.95	0	469.95	5	469.95	0	
470.42	1	470.42	-3	470.42	3	470.42	1	470.42	2	470.42	1	470.42	3	470.42	0	470.42	-2	470.42	0	470.42	-2	470.42	-1	470.42	-2	470.42	-1	
470.89	2	470.89	2	470.89	-1	470.89	2	470.89	0	470.89	2	470.89	3	470.89	0	470.89	2	470.89	2	470.89	0	470.89	-1	470.89	0	470.89	-2	
471.359	-1	471.359	2	471.359	0	471.359	2	471.359	-1	471.359	-4	471.359	2	471.359	0	471.359	3	471.359	2	471.359	4	471.359	1	471.359	2	471.359	1	
471.829	4	471.829	0	471.829	4	471.829	-1	471.829	5	471.829	2	471.829	-3	471.829	0	471.829	-1	471.829	-1	471.829	1	471.829	2	471.829	-1	471.829	1	
472.299	7	472.299	5	472.299	0	472.299	-1	472.299	4	472.299	4	472.299	3	472.299	5	472.299	5	472.299	0	472.299	4	472.299	2	472.299	-3	472.299	2	
472.769	3	472.769	1	472.769	0	472.769	-1	472.769	-3	472.769	-4	472.769	1	472.769	0	472.769	0	472.769	-4	472.769	0	472.769	-3	472.769	1	472.769	-1	
473.239	-4	473.239	4	473.239	3	473.239	6	473.239	0	473.239	-2	473.239	-1	473.239	-1	473.239	2	473.239	3	473.239	1	473.239	-1	473.239	-2	473.239	-2	
473.709	6	473.709	4	473.709	5	473.709	5	473.709	4	473.709	6	473.709	5	473.709	2	473.709	0	473.709	3	473.709	5	473.709	2	473.709	3	473.709	7	
474.179	2	474.179	0	474.179	-1	474.179	-2	474.179	1	474.179	1	474.179	-5	474.179	2	474.179	3	474.179	1	474.179	4	474.179	2	474.179	3	474.179	1	
474.649	-1	474.649	0	474.649	-3	474.649	0	474.649	-5	474.649	-1	474.649	-4	474.649	-3	474.649	-3	474.649	-2	474.649	-4	474.649	-4	474.649	-3	474.649	-5	
475.119	-3	475.119	3	475.119	-5	475.119	0	475.119	2	475.119	-1	475.119	-1	475.119	-1	475.119	-1	475.119	0	475.119	-1	475.119	-2	475.119	5	475.119	2	
475.589	1	475.589	4	475.589	-2	475.589	5	475.589	1	475.589	5	475.589	2	475.589	4	475.589	-2	475.589	7	475.589	2	475.589	-1	475.589	1	475.589	4	
476.059	0	476.059	0	476.059	0	476.059	1	476.059	0	476.059	-1	476.059	-3	476.059	-1	476.059	1	476.059	1	476.059	1	476.059	-2	476.059	-1	476.059	1	
476.529	-1	476.529	1	476.529	0	476.529	-2	476.529	3	476.529	-3	476.529	5	476.529	4	476.529	3	476.529	2	476.529	0	476.529	2	476.529	-1	476.529	3	
477	3	477	1	477	3	477	1	477	6	477	3	477	3	477	2	477	2	477	4	477	4	477	3	477	3	477	2	
477.47	1	477.47	-1	477.47	0	477.47	1	477.47	3	477.47	3	477.47	1	477.47	5	477.47	-3	477.47	4	477.47	1	477.47	6	477.47	-2	477.47	2	
477.941	0	477.941	-2	477.941	-1	477.941	0	477.941	1	477.941	-2	477.941	2	477.941	4	477.941	1	477.941	3	477.941	-2	477.941	-1	477.941	0	477.941	-1	
478.411	2	478.411	-1	478.411	-2	478.411	-3	478.411	0	478.411	-3	478.411	-2	478.411	-1	478.411	-3	478.411	-3	478.411	-1	478.411	2	478.411	0	478.411	3	
478.882	-5	478.882	-8	478.882	-5	478.882	-7	478.882	-2	478.882	-6	478.882	-1	478.882	-5	478.882	-5	478.882	3	478.882	-7	478.882	-6	478.882	-5	478.882	-7	
479.353	6	479.353	5	479.353	0	479.353	4	479.353	0	479.353	0	479.353	3	479.353	4	479.353	0	479.353	4	479.353	2	479.353	3	479.353	2	479.353	3	
479.823	2	479.823	3	479.823	0	479.823	5	479.823	1	479.823	5	479.823	0	479.823	4	479.823	3	479.823	3	479.823	3	479.823	7	479.823	4	479.823	3	
480.294	-5	480.294	-6	480.294	-4	480.294	-6	480.294	-2	480.294	-2	480.294	-3	480.294	-2	480.294	-4	480.294	-3	480.294	-3	480.294	0	480.294	-3	480.294	-1	
480.765	1	480.765	1	480.765	1	480.765	-1	480.765	1	480.765	-1	480.765	-1	480.765	1	480.765	-1	480.765	1	480.765	-3	480.765	1	480.765	-1	480.765	-1	
481.236	0	481.236	1	481.236	0	481.236	-1	481.236	0	481.236	1	481.236	0	481.236	3	481.236	-1	481.236	2	481.236	2	481.236	0	481.236	0	481.236	-3	
481.707	-3	481.707	-2	481.707	1	481.707	1	481.707	-2	481.707	-1	481.707	3	481.707	-1	481.707	2	481.707	1	481.707	6	481.707	3	481.707	-1	481.707	1	
482.178	-2	482.178	1	482.178	-1	482.178	-2	482.178	1	482.178	-4	482.178	0	482.178	-3	482.178	-2	482.178	2	482.178	1	482.178	-3	482.178	-4	482.178	0	
482.649	3	482.649	3	482.649	3	482.649	3	482.649	6	482.649	1	482.649	4	482.649	6	482.649	2	482.649	5	482.649	5	482.649	4	482.649	2	482.649	0	
483.12	1	483.12	2	483.12	1	483.12	-2	483.12	2	483.12	0	483.12	2	483.12	1	483.12	0	483.12	5	483.12	3	483.12	1	483.12	-4	483.12	3	
483.591	3	483.591	0	483.591	0	483.591	3	483.591	1	483.591	0	483.591	1	483.591	2	483.591	4	483.591	1	483.591	2	483.591	3	483.591	1	483.591	4	
484.062	0	484.062	0	484.062	3	484.062	5	484.062	1	484.062	2	484.062	2	484.062	0	484.062	0	484.062	0	484.062	2	484.062	-1	484.062	2	484.062	0	
484.533	3	484.533	-3	484.533	2	484.533	0	484.533	3	484.533	-2	484.533	2	484.533	1	484.533	3	484.533	3	484.533	-5	484.533	4	484.533	0	484.533	1	
485.005	-1	485.005	-5	485.005	-0.5	485.005	-1	485.005	-0.5	485.005	-4	485.005	-1.5	485.005	-1.5	485.005	-1.5	485.005	0	485.005	-4	485.005	2.5	485.005	-1.5	485.005	-1.5	
485.476	-5	485.476	-7	485.476	-3	485.476	-2	485.476	-4	485.476	-6	485.476	-5	485.476	-4	485.476	-6	485.476	-3	485.476	-3	485.476	1	485.476	-3	485.476	-4	
485.948	5	485.948	4	485.948	1	485.948	1	485.948	4	485.948	5	485.948	0	485.948	5	485.948	0	485.948	-1	485.948	2	485.948	1	485.948	1	485.948	-3	
486.419	8	486.419	1	486.419	2	486.419	1	486.419	5	486.419	0	486.419	3	486.419	5	486.419	3	486.419	4	486.419	4	486.419	6	486.419	-2	486.419	4	
486.891	-3	486.891	-2	486.891	-2	486.891	2	486.891	1	486.891	-1	486.891	3	486.891	2	486.891	4	486.891	2	486.891	4	486.891	-4	486.891	3	486.891	2	
487.362	1	487.362	2	487.362	-1	487.362	0	487.362	0	487.362	-1	487.362	1	487.362	1	487.362	-2	487.362	1	487.362	4	487.362	1	487.362	0	487.362	2	
487.834	2	487.834	4	487.834	-1	487.834	2	487.834	2	487.834	1	487.834	0	487.834	-2	487.834	-4	487.834	-2	487.834	4	487.834	2	487.834	0	487.834	-1	
488.306	5	488.306	1	488.306	-2	488.306	-1	488.306	-1	488.306	0	488.306	2	488.306	2	488.306	2	488.306	1	488.306	3	488.306	3	488.306	0	488.306	3	
488.777	-1	488.777	-1	488.777	1	488.777	-1	488.777	2	488.777	1	488.777	4	488.777	1	488.777	-2	488.777	2	488.777	-1	488.777	0	488.777	-2	488.777	3	
489.249	1	489.249	4	489.249	2	489.249	1	489.249	-3	489.249	-3	489.249	-1	489.249	1	489.249	2	489.249	3	489.249	0	489.249	1	489.249	0	489.249	0	
489.721	2	489.721	0	489.721	0	489.721	0	489.721	0	489.721	1	489.721	0	489.721	-5	489.721	1	489.721	1	489.721	0	489.721	2	489.721	-1	489.721	0	
490.193	2	490.193	2	490.193	-1	490.193	-2	490.193	5	490.193	0	490.193	1	490.193	5	490.193	0	490.193	2	490.193	5	490.193	3	490.193	1	490.193	-1	
490.665	0	490.665	0	490.665	-3	490.665	-2	490.665	-2	490.665	-6	490.665	0	490.665	0	490.665	0	490.665	-2	490.665	-4	490.665	-2	490.665	-2	490.665	4	
491.137	0	491.137	2	491.137	5	491.137	4	491.137	3	491.137	4	491.137	2	491.137	5	491.137	1	491.137	4	491.137	-2	491.137	-1	491.137	5	491.137	2	
491.609	4	491.609	3	491.609	-1	491.609	8	491.609	4	491.609	1	491.609	2	491.609	1	491.609	1	491.609	2	491.609	1	491.609	3	491.609	3	491.609	3	
492.081	0	492.081	-6	492.081	-3	492.081	-4	492.081	0	492.081	-2	492.081	-1	492.081	0	492.081	-1	492.081	-1	492.081	-3	492.081	-2	492.081	-3	492.081	-3	
492.554	-1	492.554	4	492.554	0	492.554	4	492.554	-1	492.554	-3	492.554	1	492.554	-1	492.554	2	492.554	1	492.554	2	492.554	1	492.554	-3	492.554	-2	
493.026	-5	493.026	-2	493.026	0	493.026	-1	493.026	-3	493.026	-2	493.026	-3	493.026	1	493.026	2	493.026	-2	493.026	-3	493.026	-2	493.026	0	493.026	2	
493.498	4	493.498	0	493.498	-2	493.498	5	493.498	5	493.498	2	493.498	0	493.498	2	493.498	0	493.498	0	493.498	2	493.498	0	493.498	1	493.498	3	
493.971	2	493.971	-2	493.971	-2	493.971	2	493.971	-1	493.971	0	493.971	-2	493.971	2	493.971	-3	493.971	-1	493.971	0	493.971	0	493.971	-2	493.971	-3	
494.443	-1	494.443	-3	494.443	-2	494.443	-4	494.443	3	494.443	3	494.443	-1	494.443	2	494.443	1	494.443	3	494.443	2	494.443	-3	494.443	-1	494.443	-1	
494.915	3	494.915	0	494.915	1	494.915	-3	494.915	-1	494.915	-2	494.915	0	494.915	0	494.915	-1	494.915	-1	494.915	-2	494.915	0	494.915	-2	494.915	1	
495.388	0	495.388	-4	495.388	-2	495.388	-1	495.388	1	495.388	0	495.388	0	495.388	1	495.388	3	495.388	3	495.388	-1	495.388	2	495.388	-4	495.388	-1	
495.861	0	495.861	2	495.861	3	495.861	0	495.861	2	495.861	1	495.861	0	495.861	4	495.861	0	495.861	3	495.861	1	495.861	-1	495.861	0	495.861	-3	
496.333	0	496.333	1.5	496.333	2.5	496.333	1	496.333	2	496.333	1.5	496.333	2	496.333	2.5	496.333	0.5	496.333	3	496.333	0.5	496.333	1	496.333	-1	496.333	2	
496.806	0	496.806	1	496.806	2	496.806	2	496.806	2	496.806	2	496.806	4	496.806	1	496.806	1	496.806	3	496.806	0	496.806	3	496.806	-2	496.806	7	
497.279	0	497.279	-1	497.279	1	497.279	1	497.279	3	497.279	-1	497.279	0	497.279	-2	497.279	3	497.279	5	497.279	5	497.279	6	497.279	3	497.279	0	
497.752	2	497.752	-2	497.752	0	497.752	-1	497.752	0	497.752	-2	497.752	1	497.752	0	497.752	1	497.752	1	497.752	0	497.752	1	497.752	1	497.752	-5	
498.224	2	498.224	1	498.224	0	498.224	2	498.224	4	498.224	4	498.224	0	498.224	4	498.224	-2	498.224	3	498.224	-1	498.224	4	498.224	-1	498.224	1	
498.697	2	498.697	5	498.697	0	498.697	2	498.697	-1	498.697	1	498.697	2	498.697	-1	498.697	0	498.697	1	498.697	2	498.697	-4	498.697	0	498.697	2	
499.17	2	499.17	0	499.17	5	499.17	6	499.17	6	499.17	-1	499.17	5	499.17	3	499.17	0	499.17	-1	499.17	3	499.17	3	499.17	1	499.17	-1	
499.643	3	499.643	3	499.643	4	499.643	0	499.643	2	499.643	0	499.643	3	499.643	3	499.643	5	499.643	1	499.643	0	499.643	3	499.643	-1	499.643	6	
500.116	3	500.116	-4	500.116	0	500.116	-3	500.116	1	500.116	-2	500.116	-4	500.116	1	500.116	0	500.116	-2	500.116	-3	500.116	1	500.116	-1	500.116	-1	
500.59	-6	500.59	0	500.59	-1	500.59	-4	500.59	-4	500.59	-1	500.59	-3	500.59	-5	500.59	-3	500.59	1	500.59	-1	500.59	-3	500.59	-1	500.59	0	
501.063	0	501.063	1	501.063	3	501.063	2	501.063	1	501.063	5	501.063	1	501.063	-2	501.063	1	501.063	-3	501.063	1	501.063	0	501.063	0	501.063	1	
501.536	1	501.536	0	501.536	0	501.536	-3	501.536	1	501.536	1	501.536	-1	501.536	2	501.536	4	501.536	1	501.536	-1	501.536	1	501.536	-4	501.536	1	
502.009	3	502.009	-4	502.009	0	502.009	-1	502.009	1	502.009	-3	502.009	0	502.009	2	502.009	-5	502.009	2	502.009	2	502.009	2	502.009	-1	502.009	0	
502.483	1	502.483	4	502.483	-2	502.483	0	502.483	0	502.483	-3	502.483	3	502.483	3	502.483	-2	502.483	0	502.483	1	502.483	5	502.483	0	502.483	-1	
502.956	4	502.956	1	502.956	3	502.956	0	502.956	7	502.956	-2	502.956	-1	502.956	0	502.956	4	502.956	-1	502.956	0	502.956	1	502.956	2	502.956	1	
503.429	-3	503.429	5	503.429	3	503.429	0	503.429	3	503.429	1	503.429	3	503.429	4	503.429	0	503.429	3	503.429	4	503.429	6	503.429	-2	503.429	1	
503.903	1	503.903	5	503.903	0	503.903	6	503.903	4	503.903	5	503.903	-5	503.903	6	503.903	-2	503.903	0	503.903	1	503.903	1	503.903	0	503.903	3	
504.376	2	504.376	-1	504.376	-1	504.376	2	504.376	-1	504.376	-1	504.376	3	504.376	2	504.376	-1	504.376	2	504.376	-5	504.376	-1	504.376	3	504.376	4	
504.85	0	504.85	3	504.85	1	504.85	0	504.85	2	504.85	1	504.85	0	504.85	-6	504.85	0	504.85	1	504.85	0	504.85	-3	504.85	-2	504.85	0	
505.324	6	505.324	1	505.324	3	505.324	6	505.324	2	505.324	2	505.324	1	505.324	1	505.324	3	505.324	4	505.324	2	505.324	4	505.324	4	505.324	2	
505.797	5	505.797	1	505.797	-2	505.797	5	505.797	6	505.797	3	505.797	0	505.797	4	505.797	4	505.797	1	505.797	4	505.797	3	505.797	1	505.797	-1	
506.271	2	506.271	3	506.271	2	506.271	2	506.271	-1	506.271	-1	506.271	2	506.271	0	506.271	0	506.271	2	506.271	-1	506.271	0	506.271	-3	506.271	2	
506.745	-4	506.745	3	506.745	-2	506.745	0	506.745	4	506.745	0	506.745	2	506.745	2	506.745	3	506.745	3	506.745	-1	506.745	0	506.745	2	506.745	4	
507.219	-3	507.219	-2	507.219	1	507.219	-3	507.219	-2	507.219	-1	507.219	0	507.219	-4	507.219	3	507.219	0	507.219	-2	507.219	-4	507.219	-4	507.219	-2	
507.693	-1	507.693	-5	507.693	-7	507.693	3	507.693	-2	507.693	-5	507.693	-1	507.693	1	507.693	0	507.693	3	507.693	1	507.693	-1	507.693	-5	507.693	-6	
508.167	0	508.167	-3	508.167	-1	508.167	-3	508.167	-5	508.167	-1	508.167	-1	508.167	-1	508.167	-2	508.167	0	508.167	-2	508.167	-2	508.167	-3	508.167	-1	
508.641	0	508.641	-1	508.641	2	508.641	3	508.641	-1	508.641	4	508.641	3	508.641	3	508.641	1	508.641	3	508.641	1	508.641	4	508.641	1	508.641	1	
509.115	0	509.115	3	509.115	0	509.115	1	509.115	4	509.115	1	509.115	3	509.115	1	509.115	2	509.115	3	509.115	3	509.115	7	509.115	5	509.115	2	
509.589	-1	509.589	-1	509.589	4	509.589	1	509.589	4	509.589	2	509.589	3	509.589	2	509.589	2	509.589	1	509.589	3	509.589	4	509.589	1	509.589	6	
510.063	5	510.063	-1	510.063	1	510.063	5	510.063	5	510.063	2	510.063	4	510.063	7	510.063	1	510.063	4	510.063	2	510.063	3	510.063	-3	510.063	4	
510.537	3	510.537	5	510.537	4	510.537	3	510.537	0	510.537	2	510.537	5	510.537	2	510.537	5	510.537	2	510.537	1	510.537	0	510.537	2	510.537	0	
511.012	-1	511.012	-2	511.012	0	511.012	-1	511.012	1	511.012	5	511.012	2	511.012	1	511.012	5	511.012	1	511.012	2	511.012	2	511.012	0	511.012	-1	
511.486	3	511.486	1	511.486	4	511.486	1	511.486	5	511.486	-1	511.486	1	511.486	5	511.486	-2	511.486	-4	511.486	-1	511.486	3	511.486	1	511.486	-1	
511.96	-2	511.96	-3	511.96	-6	511.96	-5	511.96	-5	511.96	-1	511.96	-7	511.96	-1	511.96	-3	511.96	-5	511.96	-5	511.96	-5	511.96	-5	511.96	-1	
512.435	9	512.435	5	512.435	1	512.435	0	512.435	1	512.435	0	512.435	-3	512.435	3	512.435	5	512.435	4	512.435	0	512.435	4	512.435	5	512.435	3	
512.909	0	512.909	0	512.909	0	512.909	-6	512.909	1	512.909	-1	512.909	0	512.909	-5	512.909	-1	512.909	0	512.909	-1	512.909	2	512.909	-1	512.909	-3	
513.384	0	513.384	-5	513.384	-7	513.384	-3	513.384	-6	513.384	-5	513.384	-1	513.384	1	513.384	-3	513.384	-3	513.384	-2	513.384	-3	513.384	-3	513.384	-1	
513.858	3	513.858	1	513.858	2	513.858	3	513.858	5	513.858	3	513.858	2	513.858	5	513.858	1	513.858	3	513.858	5	513.858	0	513.858	-1	513.858	3	
514.333	1	514.333	-2	514.333	2	514.333	-2	514.333	0	514.333	2	514.333	4	514.333	-2	514.333	1	514.333	2	514.333	2	514.333	-1	514.333	0	514.333	0	
514.808	-3	514.808	2	514.808	-2	514.808	1	514.808	3	514.808	1	514.808	-4	514.808	-3	514.808	0	514.808	2	514.808	1	514.808	0	514.808	-1	514.808	5	
515.283	-1	515.283	1	515.283	-4	515.283	2	515.283	-1	515.283	0	515.283	-1	515.283	-3	515.283	1	515.283	1	515.283	-3	515.283	-1	515.283	-3	515.283	-4	
515.757	4	515.757	6	515.757	0	515.757	1	515.757	2	515.757	-2	515.757	0	515.757	5	515.757	-3	515.757	-1	515.757	-1	515.757	1	515.757	-3	515.757	-1	
516.232	1	516.232	2	516.232	-2	516.232	-4	516.232	2	516.232	-2	516.232	-1	516.232	1	516.232	-3	516.232	-1	516.232	-2	516.232	-4	516.232	3	516.232	-1	
516.707	-4	516.707	3	516.707	1	516.707	1	516.707	5	516.707	2	516.707	1	516.707	-1	516.707	3	516.707	1	516.707	0	516.707	-1	516.707	-1	516.707	0	
517.182	1	517.182	-6	517.182	-6	517.182	-3	517.182	-3	517.182	-6	517.182	-2	517.182	-2	517.182	-1	517.182	-3	517.182	-5	517.182	0	517.182	-4	517.182	2	
517.657	-3	517.657	0	517.657	-1	517.657	1	517.657	-2	517.657	-2	517.657	3	517.657	1	517.657	2	517.657	1	517.657	2	517.657	-1	517.657	-1	517.657	-1	
518.132	2	518.132	3	518.132	5	518.132	1	518.132	4	518.132	3	518.132	1	518.132	3	518.132	2	518.132	1	518.132	-2	518.132	4	518.132	2	518.132	1	
518.607	1	518.607	1	518.607	1	518.607	2	518.607	2	518.607	4	518.607	2	518.607	1	518.607	-2	518.607	0	518.607	2	518.607	5	518.607	-1	518.607	-3	
519.082	-2	519.082	-2	519.082	-3	519.082	1	519.082	1	519.082	2	519.082	3	519.082	4	519.082	0	519.082	0	519.082	1	519.082	1	519.082	-4	519.082	4	
519.557	3	519.557	-4	519.557	-1	519.557	4	519.557	2	519.557	0	519.557	1	519.557	4	519.557	0	519.557	5	519.557	2	519.557	3	519.557	4	519.557	-2	
520.033	0	520.033	0	520.033	2	520.033	-3	520.033	0	520.033	1	520.033	-3	520.033	-3	520.033	-2	520.033	0	520.033	0	520.033	0	520.033	1	520.033	-2	
520.508	2	520.508	3	520.508	2	520.508	-1	520.508	3	520.508	3	520.508	5	520.508	3	520.508	6	520.508	2	520.508	-1	520.508	4	520.508	2	520.508	0	
520.983	0	520.983	0	520.983	-1	520.983	-1	520.983	2	520.983	3	520.983	3	520.983	5	520.983	1	520.983	0	520.983	6	520.983	5	520.983	-1	520.983	0	
521.459	2	521.459	0	521.459	0	521.459	-1	521.459	-1	521.459	-3	521.459	3	521.459	1	521.459	-1	521.459	2	521.459	3	521.459	2	521.459	-4	521.459	3	
521.934	0	521.934	2	521.934	0	521.934	0	521.934	1	521.934	-5	521.934	1	521.934	1	521.934	-2	521.934	2	521.934	-4	521.934	-1	521.934	-1	521.934	-2	
522.41	0	522.41	2	522.41	-4	522.41	0	522.41	-2	522.41	0	522.41	-1	522.41	-3	522.41	-1	522.41	-4	522.41	-1	522.41	-3	522.41	0	522.41	-3	
522.885	1	522.885	-2	522.885	2	522.885	1	522.885	3	522.885	-1	522.885	-2	522.885	2	522.885	1	522.885	0	522.885	4	522.885	3	522.885	-2	522.885	0	
523.361	5	523.361	3	523.361	2	523.361	1	523.361	5	523.361	-3	523.361	2	523.361	0	523.361	2	523.361	4	523.361	1	523.361	6	523.361	3	523.361	2	
523.836	0	523.836	2	523.836	0	523.836	6	523.836	3	523.836	0	523.836	-2	523.836	4	523.836	4	523.836	4	523.836	1	523.836	-4	523.836	-1	523.836	-2	
524.312	0	524.312	5	524.312	4	524.312	0	524.312	4	524.312	3	524.312	0	524.312	2	524.312	0	524.312	3	524.312	2	524.312	4	524.312	1	524.312	2	
524.788	3	524.788	-2	524.788	0	524.788	1	524.788	3	524.788	4	524.788	1	524.788	-1	524.788	3	524.788	1	524.788	0	524.788	3	524.788	0	524.788	-1	
525.264	3	525.264	-3	525.264	2	525.264	0	525.264	1	525.264	0	525.264	0	525.264	5	525.264	4	525.264	3	525.264	6	525.264	4	525.264	0	525.264	4	
525.739	3	525.739	2	525.739	-2	525.739	1	525.739	-2	525.739	-3	525.739	-1	525.739	-1	525.739	2	525.739	2	525.739	-4	525.739	1	525.739	-4	525.739	2	
526.215	-1	526.215	3	526.215	-2	526.215	0	526.215	3	526.215	3	526.215	1	526.215	-1	526.215	-1	526.215	3	526.215	1	526.215	2	526.215	4	526.215	1	
526.691	-1	526.691	-2	526.691	-1	526.691	-3	526.691	0	526.691	4	526.691	1	526.691	3	526.691	-2	526.691	1	526.691	2	526.691	5	526.691	3	526.691	-1	
527.167	3	527.167	-3	527.167	-1	527.167	1	527.167	0	527.167	1	527.167	1	527.167	3	527.167	0	527.167	4	527.167	2	527.167	7	527.167	-1	527.167	2	
527.643	3	527.643	2	527.643	0	527.643	0	527.643	0	527.643	0	527.643	0	527.643	2	527.643	1	527.643	1	527.643	-4	527.643	-2	527.643	1	527.643	2	
528.119	-3	528.119	-3	528.119	-6	528.119	-6	528.119	0	528.119	-7	528.119	-6	528.119	-9	528.119	-4	528.119	-3	528.119	0	528.119	-3	528.119	0	528.119	-4	
528.595	3	528.595	-2	528.595	-2	528.595	-1	528.595	1	528.595	2	528.595	-4	528.595	1	528.595	-2	528.595	3	528.595	-2	528.595	-1	528.595	-2	528.595	1	
529.072	3	529.072	-3	529.072	1	529.072	6	529.072	6	529.072	-4	529.072	0	529.072	3	529.072	1	529.072	0	529.072	2	529.072	-3	529.072	1	529.072	1	
529.548	1	529.548	0	529.548	0	529.548	0	529.548	0	529.548	-3	529.548	-1	529.548	-1	529.548	0	529.548	0	529.548	-2	529.548	2	529.548	0	529.548	2	
530.024	2	530.024	0	530.024	-2	530.024	-3	530.024	0	530.024	5	530.024	1	530.024	-4	530.024	-2	530.024	-4	530.024	-2	530.024	3	530.024	-3	530.024	1	
530.5	4	530.5	3	530.5	0	530.5	-1	530.5	6	530.5	4	530.5	2	530.5	3	530.5	4	530.5	2	530.5	3	530.5	5	530.5	6	530.5	2	
530.977	1	530.977	1	530.977	4	530.977	0	530.977	3	530.977	5	530.977	6	530.977	2	530.977	5	530.977	4	530.977	1	530.977	-1	530.977	1	530.977	2	
531.453	0	531.453	0	531.453	-2	531.453	0	531.453	-2	531.453	1	531.453	2	531.453	2	531.453	-3	531.453	3	531.453	0	531.453	3	531.453	-3	531.453	7	
531.93	0	531.93	0	531.93	2	531.93	0	531.93	1	531.93	2	531.93	-3	531.93	-1	531.93	-4	531.93	2	531.93	3	531.93	3	531.93	0	531.93	0	
532.406	2	532.406	0	532.406	-2	532.406	-1	532.406	2	532.406	2	532.406	-1	532.406	2	532.406	3	532.406	1	532.406	2	532.406	3	532.406	2	532.406	-1	
532.883	3	532.883	2	532.883	1	532.883	3	532.883	4	532.883	3	532.883	5	532.883	4	532.883	0	532.883	5	532.883	5	532.883	1	532.883	0	532.883	2	
533.359	0	533.359	0	533.359	2	533.359	2	533.359	1	533.359	1	533.359	1	533.359	2	533.359	0	533.359	5	533.359	1	533.359	0	533.359	-1	533.359	4	
533.836	0	533.836	-5	533.836	-2	533.836	3	533.836	-1	533.836	-3	533.836	3	533.836	0	533.836	2	533.836	2	533.836	1	533.836	0	533.836	1	533.836	-1	
534.313	2	534.313	2	534.313	0	534.313	-2	534.313	4	534.313	1	534.313	0	534.313	5	534.313	2	534.313	-1	534.313	3	534.313	1	534.313	1	534.313	0	
534.789	-2	534.789	1	534.789	1	534.789	-1	534.789	-1	534.789	3	534.789	1	534.789	8	534.789	1	534.789	1	534.789	1	534.789	2	534.789	1	534.789	1	
535.266	0	535.266	4	535.266	4	535.266	6	535.266	3	535.266	0	535.266	0	535.266	4	535.266	0	535.266	4	535.266	4	535.266	4	535.266	-3	535.266	3	
535.743	3	535.743	1	535.743	-1	535.743	1	535.743	1	535.743	0	535.743	1	535.743	-2	535.743	2	535.743	-2	535.743	1	535.743	2	535.743	0	535.743	1	
536.22	1	536.22	3	536.22	-4	536.22	1	536.22	5	536.22	1	536.22	-1	536.22	1	536.22	0	536.22	2	536.22	-4	536.22	3	536.22	3	536.22	2	
536.697	1	536.697	-2	536.697	0	536.697	-2	536.697	0	536.697	-3	536.697	1	536.697	2	536.697	1	536.697	0	536.697	-1	536.697	-2	536.697	-3	536.697	-3	
537.174	2	537.174	4	537.174	3	537.174	1	537.174	2	537.174	3	537.174	3	537.174	3	537.174	6	537.174	4	537.174	1	537.174	4	537.174	0	537.174	4	
537.651	1	537.651	-3	537.651	-1	537.651	-1	537.651	1	537.651	0	537.651	1	537.651	1	537.651	-2	537.651	-5	537.651	-2	537.651	0	537.651	0	537.651	-3	
538.128	0	538.128	1	538.128	-2	538.128	2	538.128	-2	538.128	-2	538.128	2	538.128	-1	538.128	2	538.128	0	538.128	-1	538.128	1	538.128	-1	538.128	-1	
538.605	0	538.605	-1	538.605	2	538.605	5	538.605	1	538.605	-1	538.605	2	538.605	0	538.605	-3	538.605	6	538.605	4	538.605	0	538.605	0	538.605	0	
539.082	-4	539.082	1	539.082	3	539.082	-2	539.082	-4	539.082	1	539.082	0	539.082	9	539.082	-2	539.082	1	539.082	0	539.082	1	539.082	-1	539.082	2	
539.559	-1	539.559	-2	539.559	-3	539.559	-4	539.559	-4	539.559	-1	539.559	-4	539.559	1	539.559	-1	539.559	2	539.559	-1	539.559	6	539.559	-1	539.559	-1	
540.037	-2	540.037	-6	540.037	-5	540.037	1	540.037	-1	540.037	-5	540.037	-2	540.037	0	540.037	-6	540.037	-3	540.037	2	540.037	-2	540.037	-3	540.037	2	
540.514	0	540.514	1	540.514	6	540.514	5	540.514	1	540.514	4	540.514	3	540.514	3	540.514	2	540.514	5	540.514	0	540.514	-1	540.514	1	540.514	1	
540.991	2	540.991	5	540.991	1	540.991	2	540.991	5	540.991	-1	540.991	4	540.991	5	540.991	2	540.991	8	540.991	1	540.991	4	540.991	-1	540.991	4	
541.469	5	541.469	1	541.469	6	541.469	4	541.469	3	541.469	1	541.469	3	541.469	2	541.469	3	541.469	2	541.469	1	541.469	2	541.469	0	541.469	-1	
541.946	-1	541.946	3	541.946	-2	541.946	2	541.946	2	541.946	2	541.946	2	541.946	-3	541.946	0	541.946	0	541.946	-1	541.946	-1	541.946	-1	541.946	0	
542.424	0	542.424	4	542.424	3	542.424	5	542.424	4	542.424	-1	542.424	2	542.424	3	542.424	-2	542.424	3	542.424	-2	542.424	-1	542.424	-1	542.424	3	
542.901	3	542.901	2	542.901	2	542.901	1	542.901	3	542.901	0	542.901	-3	542.901	2	542.901	0	542.901	-1	542.901	3	542.901	1	542.901	-4	542.901	1	
543.379	3	543.379	2	543.379	1	543.379	4	543.379	0	543.379	0	543.379	-5	543.379	5	543.379	-1	543.379	4	543.379	5	543.379	3	543.379	3	543.379	4	
543.856	0	543.856	4	543.856	1	543.856	2	543.856	1	543.856	0	543.856	1	543.856	1	543.856	6	543.856	0	543.856	2	543.856	1	543.856	2	543.856	0	
544.334	0	544.334	0	544.334	-1	544.334	0	544.334	6	544.334	1	544.334	5	544.334	3	544.334	4	544.334	1	544.334	2	544.334	4	544.334	-2	544.334	0	
544.812	2	544.812	3	544.812	2	544.812	2	544.812	3	544.812	5	544.812	5	544.812	1	544.812	2	544.812	4	544.812	-1	544.812	1	544.812	6	544.812	6	
545.289	4	545.289	2	545.289	0	545.289	0	545.289	8	545.289	0	545.289	4	545.289	3	545.289	4	545.289	4	545.289	0	545.289	5	545.289	5	545.289	3	
545.767	0	545.767	0	545.767	0	545.767	-2	545.767	2	545.767	-1	545.767	0	545.767	-3	545.767	1	545.767	1	545.767	-4	545.767	-2	545.767	-2	545.767	-1	
546.245	-2	546.245	-2	546.245	-2	546.245	-2	546.245	-3	546.245	3	546.245	1	546.245	-4	546.245	-1	546.245	0	546.245	1	546.245	-3	546.245	-1	546.245	4	
546.723	-1	546.723	1	546.723	0	546.723	5	546.723	4	546.723	-1	546.723	2	546.723	1	546.723	1	546.723	2	546.723	-4	546.723	2	546.723	1	546.723	7	
547.201	1	547.201	3	547.201	0	547.201	4	547.201	0	547.201	-4	547.201	1	547.201	2	547.201	4	547.201	3	547.201	2	547.201	-1	547.201	-4	547.201	-1	
547.679	5	547.679	1	547.679	3	547.679	-1	547.679	4	547.679	1	547.679	0	547.679	3	547.679	-1	547.679	-1	547.679	0	547.679	3	547.679	2	547.679	0	
548.157	-3	548.157	-2	548.157	-5	548.157	-5	548.157	0	548.157	-1	548.157	-1	548.157	-1	548.157	-3	548.157	0	548.157	-3	548.157	1	548.157	1	548.157	1	
548.635	1	548.635	5	548.635	1	548.635	4	548.635	0	548.635	2	548.635	-3	548.635	2	548.635	-2	548.635	1	548.635	-1	548.635	2	548.635	3	548.635	2	
549.113	4	549.113	-3	549.113	1	549.113	2	549.113	-1	549.113	-3	549.113	0	549.113	1	549.113	-2	549.113	2	549.113	-1	549.113	2	549.113	-1	549.113	6	
549.591	0	549.591	3	549.591	1	549.591	-3	549.591	0	549.591	3	549.591	2	549.591	2	549.591	2	549.591	1	549.591	0	549.591	0	549.591	0	549.591	-2	
550.069	-4	550.069	4	550.069	4	550.069	3	550.069	-2	550.069	1	550.069	-1	550.069	4	550.069	2	550.069	2	550.069	1	550.069	2	550.069	1	550.069	1	
550.548	1	550.548	0	550.548	-2	550.548	0	550.548	1	550.548	0	550.548	1	550.548	5	550.548	4	550.548	0	550.548	3	550.548	2	550.548	3	550.548	5	
551.026	2	551.026	3	551.026	2	551.026	3	551.026	2	551.026	-2	551.026	4	551.026	1	551.026	3	551.026	5	551.026	6	551.026	2	551.026	3	551.026	1	
551.504	1	551.504	3	551.504	2	551.504	2	551.504	3	551.504	2	551.504	6	551.504	3	551.504	1	551.504	2	551.504	1	551.504	0	551.504	2	551.504	0	
551.983	1	551.983	-3	551.983	1	551.983	2	551.983	5	551.983	0	551.983	-1	551.983	1	551.983	-1	551.983	-1	551.983	1	551.983	-1	551.983	-2	551.983	-1	
552.461	1	552.461	4	552.461	-1	552.461	2	552.461	2	552.461	5	552.461	3	552.461	6	552.461	-4	552.461	5	552.461	-2	552.461	1	552.461	1	552.461	2	
552.94	2	552.94	3	552.94	5	552.94	4	552.94	2	552.94	1	552.94	2	552.94	3	552.94	2	552.94	3	552.94	4	552.94	3	552.94	3	552.94	3	
553.418	1	553.418	3	553.418	0	553.418	0	553.418	2	553.418	-1	553.418	2	553.418	2	553.418	1	553.418	2	553.418	-3	553.418	-1	553.418	0	553.418	1	
553.897	-1	553.897	-2	553.897	-1	553.897	-2	553.897	-2	553.897	1	553.897	0	553.897	-4	553.897	-1	553.897	1	553.897	-1	553.897	1	553.897	2	553.897	0	
554.375	1	554.375	-1	554.375	0	554.375	-1	554.375	-1	554.375	-1	554.375	3	554.375	-3	554.375	-5	554.375	2	554.375	-2	554.375	4	554.375	0	554.375	-1	
554.854	-4	554.854	-1	554.854	2	554.854	-3	554.854	-1	554.854	-3	554.854	1	554.854	4	554.854	3	554.854	0	554.854	-2	554.854	-3	554.854	-2	554.854	2	
555.333	2	555.333	1	555.333	0	555.333	2	555.333	6	555.333	2	555.333	1	555.333	3	555.333	2	555.333	5	555.333	1	555.333	2	555.333	-1	555.333	-1	
555.811	1	555.811	2	555.811	0	555.811	2	555.811	3	555.811	3	555.811	-1	555.811	2	555.811	-2	555.811	3	555.811	0	555.811	-1	555.811	6	555.811	3	
556.29	-2	556.29	-3	556.29	-3	556.29	1	556.29	-5	556.29	-2	556.29	-2	556.29	3	556.29	1	556.29	-3	556.29	-3	556.29	-6	556.29	-3	556.29	0	
556.769	0	556.769	0	556.769	3	556.769	2	556.769	2	556.769	1	556.769	3	556.769	0	556.769	5	556.769	0	556.769	2	556.769	2	556.769	0	556.769	1	
557.248	0	557.248	-5	557.248	-5	557.248	-6	557.248	-4	557.248	-7	557.248	-7	557.248	0	557.248	-2	557.248	-3	557.248	-5	557.248	-5	557.248	-7	557.248	-1	
557.727	0	557.727	-1	557.727	2	557.727	-1	557.727	6	557.727	4	557.727	1	557.727	1	557.727	1	557.727	3	557.727	3	557.727	3	557.727	-4	557.727	3	
558.206	0	558.206	-1	558.206	0	558.206	2	558.206	5	558.206	4	558.206	4	558.206	5	558.206	-2	558.206	-1	558.206	3	558.206	4	558.206	-2	558.206	5	
558.685	2	558.685	-3	558.685	0	558.685	-1	558.685	1	558.685	-1	558.685	6	558.685	-2	558.685	4	558.685	7	558.685	-1	558.685	-1	558.685	-2	558.685	-1	
559.164	3	559.164	3	559.164	5	559.164	-1	559.164	3	559.164	-1	559.164	2	559.164	0	559.164	7	559.164	4	559.164	-1	559.164	4	559.164	4	559.164	2	
559.643	1	559.643	2	559.643	3	559.643	-1	559.643	-1	559.643	2	559.643	-1	559.643	-1	559.643	-1	559.643	3	559.643	1	559.643	-2	559.643	2	559.643	2	
560.122	2	560.122	1	560.122	-1	560.122	-1	560.122	-1	560.122	1	560.122	-3	560.122	6	560.122	-1	560.122	5	560.122	-1	560.122	-2	560.122	1	560.122	1	
560.601	0	560.601	-1	560.601	-2	560.601	-3	560.601	-3	560.601	-6	560.601	-1	560.601	1	560.601	-1	560.601	1	560.601	-4	560.601	-1	560.601	-4	560.601	-2	
561.08	1	561.08	5	561.08	-1	561.08	-3	561.08	1	561.08	0	561.08	2	561.08	-1	561.08	1	561.08	4	561.08	1	561.08	6	561.08	-1	561.08	3	
561.559	0	561.559	3	561.559	3	561.559	1	561.559	-2	561.559	0	561.559	3	561.559	7	561.559	3	561.559	1	561.559	4	561.559	2	561.559	-2	561.559	2	
562.039	-1	562.039	-2	562.039	0	562.039	1	562.039	2	562.039	2	562.039	-3	562.039	1	562.039	-1	562.039	3	562.039	0	562.039	1	562.039	3	562.039	2	
562.518	2	562.518	3	562.518	-3	562.518	3	562.518	6	562.518	0	562.518	3	562.518	0	562.518	5	562.518	3	562.518	2	562.518	0	562.518	-3	562.518	1	
562.997	5	562.997	0	562.997	1	562.997	5	562.997	4	562.997	1	562.997	6	562.997	3	562.997	4	562.997	2	562.997	2	562.997	3	562.997	-1	562.997	4	
563.477	0	563.477	0	563.477	-2	563.477	-6	563.477	2	563.477	5	563.477	-7	563.477	-1	563.477	1	563.477	0	563.477	-1	563.477	3	563.477	0	563.477	1	
563.956	2	563.956	0	563.956	-2	563.956	-1	563.956	-3	563.956	-2	563.956	-1	563.956	0	563.956	-4	563.956	0	563.956	-3	563.956	-2	563.956	0	563.956	1	
564.436	3	564.436	-3	564.436	2	564.436	-1	564.436	6	564.436	0	564.436	1	564.436	1	564.436	-1	564.436	2	564.436	1	564.436	5	564.436	2	564.436	3	
564.915	1	564.915	-2	564.915	0	564.915	2	564.915	-2	564.915	1	564.915	3	564.915	-3	564.915	2	564.915	-1	564.915	1	564.915	1	564.915	-1	564.915	1	
565.395	-1	565.395	2	565.395	2	565.395	2	565.395	1	565.395	6	565.395	1	565.395	3	565.395	5	565.395	5	565.395	2	565.395	0	565.395	3	565.395	6	
565.875	0	565.875	2	565.875	2	565.875	4	565.875	1	565.875	0	565.875	1	565.875	1	565.875	2	565.875	1	565.875	2	565.875	0	565.875	2	565.875	-1	
566.354	6	566.354	1	566.354	7	566.354	-1	566.354	3	566.354	3	566.354	2	566.354	3	566.354	2	566.354	2	566.354	-1	566.354	4	566.354	4	566.354	4	
566.834	5	566.834	3	566.834	-1	566.834	1	566.834	3	566.834	3	566.834	3	566.834	4	566.834	3	566.834	-1	566.834	2	566.834	2	566.834	-1	566.834	0	
567.314	3	567.314	1	567.314	1	567.314	1	567.314	0	567.314	-2	567.314	-1	567.314	1	567.314	0	567.314	3	567.314	5	567.314	2	567.314	1	567.314	4	
567.793	4	567.793	3	567.793	-1	567.793	-1	567.793	0	567.793	0	567.793	0	567.793	2	567.793	1	567.793	4	567.793	-3	567.793	1	567.793	1	567.793	2	
568.273	5	568.273	2	568.273	6	568.273	4	568.273	0	568.273	0	568.273	2	568.273	3	568.273	0	568.273	0	568.273	5	568.273	4	568.273	1	568.273	3	
568.753	0	568.753	0	568.753	-6	568.753	-5	568.753	-1	568.753	-1	568.753	-5	568.753	-1	568.753	-1	568.753	1	568.753	-3	568.753	-7	568.753	0	568.753	-3	
569.233	3	569.233	-2	569.233	-4	569.233	-1	569.233	5	569.233	5	569.233	2	569.233	0	569.233	1	569.233	4	569.233	-1	569.233	-2	569.233	1	569.233	5	
569.713	-1	569.713	2	569.713	-2	569.713	-4	569.713	3	569.713	-1	569.713	-1	569.713	0	569.713	1	569.713	0	569.713	-4	569.713	2	569.713	-2	569.713	-1	
570.193	1	570.193	2	570.193	6	570.193	1	570.193	2	570.193	1	570.193	1	570.193	1	570.193	2	570.193	0	570.193	-1	570.193	-2	570.193	-1	570.193	1	
570.673	5	570.673	3	570.673	3	570.673	2	570.673	5	570.673	1	570.673	3	570.673	1	570.673	5	570.673	1	570.673	5	570.673	3	570.673	2	570.673	1	
571.153	-2	571.153	5	571.153	1	571.153	2	571.153	2	571.153	1	571.153	-2	571.153	4	571.153	5	571.153	3	571.153	3	571.153	-1	571.153	-3	571.153	5	
571.633	3	571.633	1	571.633	0	571.633	0	571.633	3	571.633	2	571.633	3	571.633	3	571.633	0	571.633	2	571.633	1	571.633	2	571.633	5	571.633	6	
572.113	0	572.113	3	572.113	1	572.113	-1	572.113	0	572.113	0	572.113	3	572.113	-1	572.113	4	572.113	1	572.113	3	572.113	4	572.113	0	572.113	2	
572.594	2	572.594	1	572.594	4	572.594	0	572.594	2	572.594	2	572.594	2	572.594	1	572.594	2	572.594	2	572.594	1	572.594	4	572.594	4	572.594	1	
573.074	4	573.074	0	573.074	-3	573.074	3	573.074	5	573.074	-3	573.074	-1	573.074	0	573.074	1	573.074	-1	573.074	0	573.074	3	573.074	1	573.074	0	
573.554	-1	573.554	-2	573.554	0	573.554	0	573.554	-5	573.554	1	573.554	-1	573.554	1	573.554	-1	573.554	-6	573.554	1	573.554	-1	573.554	-1	573.554	-2	
574.034	3	574.034	3	574.034	5	574.034	1	574.034	3	574.034	-3	574.034	1	574.034	1	574.034	3	574.034	1	574.034	3	574.034	3	574.034	-4	574.034	0	
574.515	1	574.515	2	574.515	4	574.515	6	574.515	2	574.515	4	574.515	3	574.515	3	574.515	5	574.515	1	574.515	1	574.515	2	574.515	-1	574.515	3	
574.995	-1	574.995	-4	574.995	0	574.995	-4	574.995	-2	574.995	-3	574.995	-1	574.995	-3	574.995	-1	574.995	-1	574.995	-3	574.995	1	574.995	-4	574.995	1	
575.476	3	575.476	3	575.476	0	575.476	6	575.476	2	575.476	0	575.476	1	575.476	3	575.476	4	575.476	-1	575.476	4	575.476	4	575.476	3	575.476	4	
575.956	3	575.956	0	575.956	0	575.956	0	575.956	-1	575.956	2	575.956	0	575.956	-1	575.956	1	575.956	-2	575.956	-3	575.956	3	575.956	-2	575.956	1	
576.437	1	576.437	4	576.437	-1	576.437	3	576.437	5	576.437	0	576.437	6	576.437	4	576.437	4	576.437	3	576.437	4	576.437	1	576.437	1	576.437	1	
576.917	0	576.917	3	576.917	0	576.917	0	576.917	1	576.917	-1	576.917	-1	576.917	4	576.917	-1	576.917	4	576.917	-2	576.917	1	576.917	2	576.917	4	
577.398	-1	577.398	0	577.398	0	577.398	-1	577.398	-2	577.398	0	577.398	0	577.398	-2	577.398	1	577.398	-2	577.398	-1	577.398	-1	577.398	-2	577.398	-7	
577.878	4	577.878	1	577.878	-5	577.878	0	577.878	5	577.878	0	577.878	3	577.878	1	577.878	0	577.878	1	577.878	3	577.878	0	577.878	2	577.878	1	
578.359	-1	578.359	-2	578.359	2	578.359	0	578.359	0	578.359	1	578.359	0	578.359	-2	578.359	-2	578.359	-1	578.359	0	578.359	0	578.359	-1	578.359	0	
578.84	-1	578.84	3	578.84	1	578.84	1	578.84	1	578.84	-2	578.84	0	578.84	1	578.84	1	578.84	1	578.84	2	578.84	4	578.84	-1	578.84	1	
579.32	3	579.32	-1	579.32	3	579.32	1	579.32	-2	579.32	2	579.32	1	579.32	1	579.32	3	579.32	3	579.32	6	579.32	4	579.32	2	579.32	0	
579.801	3	579.801	-1	579.801	2	579.801	0	579.801	0	579.801	-4	579.801	3	579.801	3	579.801	0	579.801	3	579.801	4	579.801	1	579.801	3	579.801	2	
580.282	0	580.282	6	580.282	6	580.282	5	580.282	1	580.282	5	580.282	2	580.282	5	580.282	4	580.282	3	580.282	4	580.282	2	580.282	4	580.282	4	
580.763	-1	580.763	1	580.763	0	580.763	-1	580.763	4	580.763	2	580.763	0	580.763	2	580.763	-2	580.763	1	580.763	0	580.763	6	580.763	-1	580.763	1	
581.244	1	581.244	1	581.244	1	581.244	2	581.244	1	581.244	-2	581.244	0	581.244	5	581.244	3	581.244	1	581.244	4	581.244	4	581.244	3	581.244	2	
581.725	1	581.725	-3	581.725	-1	581.725	1	581.725	5	581.725	-2	581.725	0	581.725	3	581.725	5	581.725	1	581.725	2	581.725	-2	581.725	-1	581.725	3	
582.206	1	582.206	1	582.206	0	582.206	0	582.206	0	582.206	-2	582.206	1	582.206	4	582.206	1	582.206	2	582.206	-1	582.206	2	582.206	1	582.206	-2	
582.687	0	582.687	2	582.687	2	582.687	3	582.687	2	582.687	5	582.687	-2	582.687	5	582.687	1	582.687	0	582.687	1	582.687	0	582.687	3	582.687	-1	
583.168	2	583.168	-3	583.168	2	583.168	0	583.168	3	583.168	5	583.168	-4	583.168	4	583.168	3	583.168	2	583.168	5	583.168	2	583.168	3	583.168	0	
583.649	-3	583.649	0	583.649	2	583.649	-1	583.649	-1	583.649	-2	583.649	1	583.649	3	583.649	-1	583.649	5	583.649	2	583.649	-1	583.649	1	583.649	0	
584.13	-5	584.13	-4	584.13	4	584.13	0	584.13	-3	584.13	-1	584.13	-1	584.13	-1	584.13	1	584.13	-3	584.13	0	584.13	-3	584.13	-1	584.13	4	
584.611	6	584.611	1	584.611	2	584.611	6	584.611	1	584.611	5	584.611	2	584.611	-2	584.611	3	584.611	2	584.611	2	584.611	2	584.611	1	584.611	4	
585.093	-4	585.093	-3	585.093	-9	585.093	-1	585.093	-2	585.093	-2	585.093	-2	585.093	-2	585.093	-4	585.093	-3	585.093	-4	585.093	-2	585.093	-2	585.093	-2	
585.574	1	585.574	-1	585.574	5	585.574	-1	585.574	-1	585.574	1	585.574	0	585.574	4	585.574	0	585.574	2	585.574	0	585.574	-3	585.574	0	585.574	2	
586.055	1	586.055	2	586.055	-1	586.055	1	586.055	3	586.055	2	586.055	3	586.055	1	586.055	2	586.055	3	586.055	-6	586.055	2	586.055	1	586.055	2	
586.536	2	586.536	4	586.536	-1	586.536	4	586.536	4	586.536	0	586.536	2	586.536	0	586.536	7	586.536	1	586.536	-1	586.536	4	586.536	5	586.536	-2	
587.018	3	587.018	5	587.018	6	587.018	4	587.018	7	587.018	3	587.018	5	587.018	7	587.018	6	587.018	4	587.018	8	587.018	3	587.018	4	587.018	4	
587.499	-3	587.499	-2	587.499	-1	587.499	0	587.499	1	587.499	-5	587.499	-1	587.499	-1	587.499	-5	587.499	0	587.499	1	587.499	-5	587.499	2	587.499	0	
587.981	1	587.981	0	587.981	2	587.981	-2	587.981	1	587.981	3	587.981	2	587.981	5	587.981	1	587.981	4	587.981	1	587.981	6	587.981	-1	587.981	4	
588.462	0	588.462	-1	588.462	-4	588.462	-1	588.462	3	588.462	0	588.462	-2	588.462	1	588.462	2	588.462	-3	588.462	0	588.462	1	588.462	-1	588.462	-1	
588.944	5	588.944	-1	588.944	-1	588.944	0	588.944	-1	588.944	-2	588.944	1	588.944	2	588.944	2	588.944	1	588.944	-2	588.944	-2	588.944	1	588.944	0	
589.425	0	589.425	1	589.425	0	589.425	3	589.425	5	589.425	1	589.425	0	589.425	1	589.425	3	589.425	3	589.425	7	589.425	0	589.425	2	589.425	2	
589.907	0	589.907	-3	589.907	-5	589.907	-3	589.907	-1	589.907	-2	589.907	0	589.907	-2	589.907	2	589.907	3	589.907	2	589.907	-2	589.907	-4	589.907	-2	
590.388	4	590.388	-1	590.388	-1	590.388	4	590.388	1	590.388	1	590.388	3	590.388	3	590.388	0	590.388	2	590.388	4	590.388	5	590.388	-1	590.388	2	
590.87	2	590.87	-3	590.87	-7	590.87	-1	590.87	-1	590.87	-1	590.87	-2	590.87	-2	590.87	-2	590.87	-1	590.87	-3	590.87	-1	590.87	-5	590.87	-1	
591.352	4	591.352	2	591.352	2	591.352	2	591.352	-2	591.352	3	591.352	4	591.352	-1	591.352	0	591.352	3	591.352	5	591.352	4	591.352	5	591.352	0	
591.834	5	591.834	4	591.834	4	591.834	5	591.834	2	591.834	2	591.834	7	591.834	5	591.834	1	591.834	1	591.834	5	591.834	4	591.834	0	591.834	3	
592.315	2	592.315	1	592.315	0	592.315	-1	592.315	1	592.315	2	592.315	-2	592.315	-2	592.315	0	592.315	3	592.315	0	592.315	6	592.315	2	592.315	2	
592.797	4	592.797	5	592.797	-2	592.797	3	592.797	1	592.797	3	592.797	1	592.797	0	592.797	1	592.797	3	592.797	3	592.797	3	592.797	-2	592.797	3	
593.279	-1	593.279	5	593.279	0	593.279	1	593.279	1	593.279	-2	593.279	-1	593.279	0	593.279	2	593.279	-1	593.279	-3	593.279	0	593.279	0	593.279	1	
593.761	7	593.761	0	593.761	3	593.761	1	593.761	0	593.761	3	593.761	3	593.761	1	593.761	0	593.761	1	593.761	1	593.761	1	593.761	5	593.761	1	
594.243	2	594.243	1	594.243	2	594.243	0	594.243	5	594.243	2	594.243	4	594.243	2	594.243	5	594.243	5	594.243	4	594.243	5	594.243	1	594.243	7	
594.725	-1	594.725	2	594.725	1	594.725	3	594.725	1	594.725	1	594.725	0	594.725	-1	594.725	5	594.725	3	594.725	2	594.725	0	594.725	0	594.725	3	
595.207	-3	595.207	1	595.207	0	595.207	-3	595.207	1	595.207	2	595.207	3	595.207	4	595.207	3	595.207	2	595.207	0	595.207	-1	595.207	1	595.207	4	
595.689	-3	595.689	-4	595.689	1	595.689	-4	595.689	2	595.689	-3	595.689	3	595.689	1	595.689	-4	595.689	-4	595.689	2	595.689	1	595.689	-2	595.689	-1	
596.171	3	596.171	2	596.171	1	596.171	1	596.171	2	596.171	3	596.171	7	596.171	0	596.171	3	596.171	4	596.171	3	596.171	3	596.171	2	596.171	2	
596.653	6	596.653	4	596.653	2	596.653	3	596.653	4	596.653	5	596.653	2	596.653	6	596.653	6	596.653	7	596.653	6	596.653	4	596.653	6	596.653	9	
597.135	2	597.135	-1	597.135	2	597.135	0	597.135	-3	597.135	-1	597.135	-1	597.135	7	597.135	3	597.135	0	597.135	5	597.135	1	597.135	1	597.135	2	
597.617	-1	597.617	-2	597.617	-2	597.617	-6	597.617	1	597.617	-4	597.617	-4	597.617	-1	597.617	-1	597.617	-3	597.617	-2	597.617	0	597.617	2	597.617	-2	
598.1	-1	598.1	0	598.1	-4	598.1	-2	598.1	-1	598.1	-1	598.1	1	598.1	-2	598.1	1	598.1	-2	598.1	0	598.1	3	598.1	-1	598.1	0	
598.582	2	598.582	3	598.582	-2	598.582	-2	598.582	-2	598.582	-2	598.582	-1	598.582	1	598.582	-1	598.582	0	598.582	1	598.582	-1	598.582	1	598.582	2	
599.064	1	599.064	1	599.064	4	599.064	4	599.064	2	599.064	2	599.064	0	599.064	3	599.064	6	599.064	-1	599.064	1	599.064	2	599.064	1	599.064	0	
599.546	0	599.546	1	599.546	-3	599.546	-2	599.546	0	599.546	-2	599.546	-1	599.546	0	599.546	2	599.546	0	599.546	2	599.546	6	599.546	4	599.546	2	
600.029	-1	600.029	2	600.029	-1	600.029	-3	600.029	1	600.029	0	600.029	-1	600.029	0	600.029	-4	600.029	-1	600.029	-3	600.029	3	600.029	0	600.029	1	
600.511	-1	600.511	1	600.511	2	600.511	-1	600.511	3	600.511	0	600.511	-1	600.511	-2	600.511	1	600.511	2	600.511	1	600.511	0	600.511	0	600.511	-1	
600.994	3	600.994	4	600.994	0	600.994	2	600.994	4	600.994	-1	600.994	3	600.994	1	600.994	0	600.994	0	600.994	1	600.994	1	600.994	0	600.994	-3	
601.476	2	601.476	3	601.476	1	601.476	-3	601.476	2	601.476	-1	601.476	5	601.476	4	601.476	3	601.476	3	601.476	0	601.476	2	601.476	1	601.476	4	
601.959	-1	601.959	-1	601.959	-1	601.959	-1	601.959	0	601.959	4	601.959	0	601.959	-1	601.959	1	601.959	-1	601.959	3	601.959	1	601.959	1	601.959	-1	
602.441	1	602.441	4	602.441	1	602.441	-2	602.441	1	602.441	2	602.441	0	602.441	-1	602.441	1	602.441	5	602.441	2	602.441	1	602.441	3	602.441	4	
602.924	1	602.924	3	602.924	1	602.924	-1.5	602.924	1	602.924	1	602.924	1	602.924	0.5	602.924	2.5	602.924	3	602.924	1.5	602.924	1.5	602.924	3.5	602.924	3	
603.406	1	603.406	2	603.406	1	603.406	-1	603.406	1	603.406	0	603.406	2	603.406	2	603.406	4	603.406	1	603.406	1	603.406	2	603.406	4	603.406	2	
603.889	0	603.889	2	603.889	2	603.889	1	603.889	3	603.889	0	603.889	2	603.889	3	603.889	6	603.889	5	603.889	1	603.889	4	603.889	2	603.889	5	
604.372	-2	604.372	-1	604.372	-2	604.372	-5	604.372	-5	604.372	-7	604.372	-4	604.372	-1	604.372	-5	604.372	1	604.372	-4	604.372	-2	604.372	-2	604.372	0	
604.854	0	604.854	2	604.854	4	604.854	2	604.854	0	604.854	-1	604.854	1	604.854	5	604.854	1	604.854	4	604.854	3	604.854	0	604.854	-2	604.854	0	
605.337	1	605.337	1	605.337	5	605.337	5	605.337	3	605.337	0	605.337	5	605.337	3	605.337	2	605.337	5	605.337	3	605.337	5	605.337	6	605.337	2	
605.82	4	605.82	3	605.82	4	605.82	0	605.82	4	605.82	3	605.82	2	605.82	5	605.82	5	605.82	2	605.82	-1	605.82	5	605.82	2	605.82	5	
606.303	-2	606.303	1	606.303	-5	606.303	0	606.303	3	606.303	3	606.303	-1	606.303	1	606.303	-3	606.303	2	606.303	-2	606.303	0	606.303	-2	606.303	4	
606.785	1	606.785	0	606.785	-1	606.785	0	606.785	-4	606.785	-2	606.785	2	606.785	2	606.785	-1	606.785	-1	606.785	1	606.785	3	606.785	-1	606.785	2	
607.268	1	607.268	1	607.268	0	607.268	2	607.268	7	607.268	0	607.268	4	607.268	4	607.268	5	607.268	3	607.268	5	607.268	3	607.268	0	607.268	0	
607.751	2	607.751	4	607.751	3	607.751	4	607.751	5	607.751	2	607.751	6	607.751	5	607.751	7	607.751	4	607.751	3	607.751	8	607.751	9	607.751	2	
608.234	4	608.234	-2	608.234	-2	608.234	3	608.234	3	608.234	2	608.234	-1	608.234	1	608.234	1	608.234	1	608.234	2	608.234	1	608.234	1	608.234	6	
608.717	-2	608.717	-1	608.717	1	608.717	-1	608.717	-2	608.717	-1	608.717	-2	608.717	-3	608.717	-2	608.717	-1	608.717	2	608.717	-3	608.717	-1	608.717	-2	
609.2	-3	609.2	0	609.2	1	609.2	-1	609.2	-2	609.2	2	609.2	0	609.2	1	609.2	5	609.2	2	609.2	1	609.2	2	609.2	1	609.2	3	
609.683	3	609.683	2	609.683	3	609.683	1	609.683	6	609.683	-1	609.683	4	609.683	5	609.683	0	609.683	0	609.683	2	609.683	5	609.683	4	609.683	4	
610.166	1	610.166	1	610.166	0	610.166	0	610.166	0	610.166	0	610.166	2	610.166	3	610.166	-2	610.166	2	610.166	2	610.166	0	610.166	1	610.166	0	
610.649	2	610.649	7	610.649	5	610.649	7	610.649	4	610.649	-2	610.649	1	610.649	2	610.649	0	610.649	0	610.649	1	610.649	-4	610.649	2	610.649	-3	
611.133	4	611.133	0	611.133	-5	611.133	0	611.133	2	611.133	0	611.133	-1	611.133	6	611.133	0	611.133	5	611.133	0	611.133	-4	611.133	1	611.133	1	
611.616	2	611.616	1	611.616	2	611.616	-1	611.616	0	611.616	0	611.616	3	611.616	2	611.616	0	611.616	-2	611.616	4	611.616	3	611.616	2	611.616	2	
612.099	-5	612.099	-1	612.099	-1	612.099	-1	612.099	3	612.099	2	612.099	-3	612.099	2	612.099	-4	612.099	1	612.099	-1	612.099	-2	612.099	0	612.099	2	
612.582	-5	612.582	5	612.582	1	612.582	-2	612.582	3	612.582	1	612.582	1	612.582	4	612.582	2	612.582	2	612.582	2	612.582	3	612.582	0	612.582	2	
613.066	6	613.066	5	613.066	4	613.066	4	613.066	3	613.066	1	613.066	0	613.066	2	613.066	0	613.066	1	613.066	4	613.066	4	613.066	2	613.066	4	
613.549	-2	613.549	1	613.549	-2	613.549	5	613.549	0	613.549	1	613.549	4	613.549	-3	613.549	0	613.549	0	613.549	2	613.549	1	613.549	-3	613.549	2	
614.032	0	614.032	-2	614.032	-3	614.032	0	614.032	-1	614.032	1	614.032	0	614.032	3	614.032	0	614.032	2	614.032	-1	614.032	-1	614.032	4	614.032	1	
614.516	-1	614.516	2	614.516	-1	614.516	1	614.516	4	614.516	3	614.516	0	614.516	0	614.516	4	614.516	5	614.516	1	614.516	1	614.516	-1	614.516	4	
614.999	2	614.999	3	614.999	-3	614.999	1	614.999	-3	614.999	2	614.999	0	614.999	-1	614.999	4	614.999	-1	614.999	4	614.999	0	614.999	2	614.999	-1	
615.482	1	615.482	4	615.482	-4	615.482	1	615.482	-1	615.482	-1	615.482	0	615.482	0	615.482	2	615.482	1	615.482	2	615.482	3	615.482	5	615.482	1	
615.966	1	615.966	-2	615.966	-4	615.966	1	615.966	2	615.966	-1	615.966	0	615.966	3	615.966	1	615.966	0	615.966	-1	615.966	4	615.966	3	615.966	3	
616.45	5	616.45	1	616.45	4	616.45	-1	616.45	3	616.45	5	616.45	2	616.45	5	616.45	3	616.45	6	616.45	1	616.45	-1	616.45	2	616.45	1	
616.933	0	616.933	0	616.933	2	616.933	3	616.933	5	616.933	-1	616.933	-1	616.933	5	616.933	2	616.933	0	616.933	3	616.933	1	616.933	1	616.933	0	
617.417	-3	617.417	3	617.417	0	617.417	1	617.417	-3	617.417	-1	617.417	1	617.417	5	617.417	4	617.417	-2	617.417	1	617.417	3	617.417	1	617.417	2	
617.9	0	617.9	0	617.9	0	617.9	-2	617.9	-3	617.9	-2	617.9	-5	617.9	5	617.9	0	617.9	5	617.9	4	617.9	6	617.9	2	617.9	1	
618.384	-1	618.384	-3	618.384	-4	618.384	-3	618.384	-1	618.384	-2	618.384	-4	618.384	-5	618.384	0	618.384	-1	618.384	1	618.384	-5	618.384	-3	618.384	-2	
618.868	3	618.868	1	618.868	4	618.868	3	618.868	-1	618.868	3	618.868	1	618.868	6	618.868	4	618.868	5	618.868	7	618.868	4	618.868	1	618.868	5	
619.351	3	619.351	0	619.351	-1	619.351	-1	619.351	-1	619.351	1	619.351	-1	619.351	5	619.351	4	619.351	3	619.351	2	619.351	3	619.351	2	619.351	3	
619.835	4	619.835	2	619.835	1	619.835	5	619.835	-3	619.835	3	619.835	3	619.835	1	619.835	5	619.835	3	619.835	3	619.835	3	619.835	3	619.835	4	
620.319	8	620.319	3	620.319	-2	620.319	4	620.319	5	620.319	-1	620.319	2	620.319	5	620.319	-1	620.319	3	620.319	1	620.319	4	620.319	4	620.319	3	
620.803	1	620.803	-2	620.803	-1	620.803	-3	620.803	-3	620.803	0	620.803	-1	620.803	-3	620.803	-2	620.803	-3	620.803	2	620.803	-1	620.803	-1	620.803	0	
621.286	-2	621.286	0	621.286	-2	621.286	3	621.286	4	621.286	1	621.286	-2	621.286	3	621.286	3	621.286	-1	621.286	4	621.286	0	621.286	1	621.286	2	
621.77	-1	621.77	3	621.77	0	621.77	0	621.77	-1	621.77	-2	621.77	1	621.77	4	621.77	-1	621.77	1	621.77	-1	621.77	3	621.77	7	621.77	0	
622.254	-5	622.254	0	622.254	-3	622.254	0	622.254	-4	622.254	-2	622.254	-5	622.254	1	622.254	-5	622.254	-1	622.254	1	622.254	-1	622.254	-6	622.254	-1	
622.738	4	622.738	2	622.738	2	622.738	4	622.738	7	622.738	3	622.738	4	622.738	2	622.738	2	622.738	3	622.738	3	622.738	6	622.738	2	622.738	5	
623.222	1	623.222	-1	623.222	-1	623.222	-2	623.222	-2	623.222	-1	623.222	-1	623.222	0	623.222	-2	623.222	-1	623.222	2	623.222	-1	623.222	2	623.222	1	
623.706	1	623.706	2	623.706	1	623.706	3	623.706	2	623.706	2	623.706	6	623.706	6	623.706	5	623.706	3	623.706	1	623.706	3	623.706	7	623.706	8	
624.19	0	624.19	-1	624.19	1	624.19	2	624.19	-5	624.19	0	624.19	0	624.19	1	624.19	0	624.19	0	624.19	3	624.19	2	624.19	2	624.19	1	
624.674	2	624.674	3	624.674	1	624.674	2	624.674	5	624.674	1	624.674	6	624.674	5	624.674	-1	624.674	5	624.674	0	624.674	6	624.674	5	624.674	3	
625.158	-2	625.158	-1	625.158	2	625.158	-1	625.158	2	625.158	-2	625.158	5	625.158	0	625.158	0	625.158	3	625.158	2	625.158	2	625.158	2	625.158	2	
625.642	3	625.642	-1	625.642	1	625.642	0	625.642	1	625.642	0	625.642	3	625.642	8	625.642	6	625.642	3	625.642	4	625.642	4	625.642	5	625.642	9	
626.127	4	626.127	3	626.127	-1	626.127	4	626.127	6	626.127	4	626.127	5	626.127	6	626.127	7	626.127	5	626.127	6	626.127	4	626.127	2	626.127	7	
626.611	1	626.611	1	626.611	0	626.611	-1	626.611	-1	626.611	0	626.611	2	626.611	0	626.611	0	626.611	-2	626.611	-2	626.611	0	626.611	-1	626.611	0	
627.095	-5	627.095	-2	627.095	1	627.095	-1	627.095	-2	627.095	1	627.095	-3	627.095	4	627.095	2	627.095	2	627.095	2	627.095	6	627.095	3	627.095	1	
627.579	6	627.579	-1	627.579	-3	627.579	-5	627.579	4	627.579	1	627.579	-1	627.579	7	627.579	2	627.579	0	627.579	2	627.579	2	627.579	7	627.579	1	
628.064	2	628.064	0	628.064	0	628.064	3	628.064	2	628.064	-3	628.064	1	628.064	1	628.064	1	628.064	4	628.064	3	628.064	2	628.064	4	628.064	2	
628.548	0	628.548	1	628.548	1	628.548	3	628.548	-1	628.548	1	628.548	0	628.548	0	628.548	0	628.548	-1	628.548	4	628.548	-2	628.548	2	628.548	1	
629.032	-1	629.032	-2	629.032	0	629.032	1	629.032	-4	629.032	-3	629.032	1	629.032	0	629.032	0	629.032	1	629.032	-1	629.032	1	629.032	-1	629.032	1	
629.517	1	629.517	-1	629.517	-1	629.517	-1	629.517	0	629.517	2	629.517	-3	629.517	4	629.517	-1	629.517	1	629.517	6	629.517	4	629.517	1	629.517	4	
630.001	0	630.001	3	630.001	4	630.001	5	630.001	2	630.001	1	630.001	5	630.001	0	630.001	2	630.001	4	630.001	3	630.001	2	630.001	3	630.001	6	
630.485	2	630.485	4	630.485	-1	630.485	2	630.485	3	630.485	1	630.485	3	630.485	3	630.485	0	630.485	3	630.485	4	630.485	8	630.485	4	630.485	5	
630.97	0	630.97	2	630.97	4	630.97	-2	630.97	-1	630.97	4	630.97	3	630.97	4	630.97	3	630.97	6	630.97	3	630.97	9	630.97	3	630.97	4	
631.454	1	631.454	-1	631.454	2	631.454	0	631.454	1	631.454	2	631.454	1	631.454	7	631.454	2	631.454	2	631.454	5	631.454	4	631.454	7	631.454	10	
631.939	-1	631.939	1	631.939	-5	631.939	-4	631.939	-3	631.939	-4	631.939	3	631.939	0	631.939	0	631.939	1	631.939	3	631.939	0	631.939	0	631.939	3	
632.423	4	632.423	4	632.423	6	632.423	3	632.423	7	632.423	2	632.423	2	632.423	4	632.423	1	632.423	7	632.423	1	632.423	4	632.423	6	632.423	5	
632.908	1	632.908	2	632.908	0	632.908	2	632.908	-1	632.908	-2	632.908	2	632.908	6	632.908	10	632.908	5	632.908	-2	632.908	8	632.908	2	632.908	5	
633.393	3	633.393	1	633.393	1	633.393	1	633.393	0	633.393	1	633.393	4	633.393	6	633.393	5	633.393	5	633.393	5	633.393	4	633.393	4	633.393	10	
633.877	0	633.877	1	633.877	-1	633.877	1	633.877	0	633.877	0	633.877	1	633.877	3	633.877	3	633.877	4	633.877	5	633.877	0	633.877	-1	633.877	4	
634.362	-4	634.362	-1	634.362	-4	634.362	0	634.362	-1	634.362	0	634.362	0	634.362	-4	634.362	3	634.362	-2	634.362	1	634.362	3	634.362	1	634.362	2	
634.847	-3	634.847	2	634.847	-1	634.847	-1	634.847	0	634.847	2	634.847	-1	634.847	2	634.847	2	634.847	5	634.847	2	634.847	8	634.847	5	634.847	5	
635.331	-1	635.331	-1	635.331	4	635.331	2	635.331	-1	635.331	1	635.331	3	635.331	3	635.331	4	635.331	6	635.331	8	635.331	1	635.331	6	635.331	7	
635.816	-1	635.816	3	635.816	2	635.816	6	635.816	4	635.816	0	635.816	1	635.816	2	635.816	4	635.816	4	635.816	4	635.816	4	635.816	5	635.816	9	
636.301	1	636.301	1	636.301	0	636.301	-5	636.301	1	636.301	0	636.301	3	636.301	-2	636.301	-1	636.301	1	636.301	3	636.301	-1	636.301	4	636.301	0	
636.786	7	636.786	-1	636.786	5	636.786	2	636.786	-1	636.786	4	636.786	1	636.786	2	636.786	5	636.786	3	636.786	6	636.786	7	636.786	11	636.786	5	
637.271	-1	637.271	-2	637.271	0	637.271	1	637.271	1	637.271	0	637.271	0	637.271	5	637.271	1	637.271	4	637.271	4	637.271	3	637.271	5	637.271	7	
637.755	0	637.755	2	637.755	-3	637.755	1	637.755	5	637.755	2	637.755	2	637.755	7	637.755	3	637.755	9	637.755	3	637.755	8	637.755	4	637.755	3	
638.24	2	638.24	0	638.24	-1	638.24	-4	638.24	-2	638.24	-2	638.24	-2	638.24	1	638.24	1	638.24	-2	638.24	1	638.24	0	638.24	6	638.24	2	
638.725	0	638.725	2	638.725	-1	638.725	0	638.725	1	638.725	-1	638.725	2	638.725	2	638.725	4	638.725	8	638.725	3	638.725	2	638.725	3	638.725	8	
639.21	-2	639.21	1	639.21	3	639.21	-4	639.21	0	639.21	2	639.21	1	639.21	4	639.21	5	639.21	1	639.21	5	639.21	6	639.21	4	639.21	10	
639.695	2	639.695	4	639.695	3	639.695	-2	639.695	3	639.695	2	639.695	2	639.695	0	639.695	4	639.695	4	639.695	6	639.695	6	639.695	8	639.695	7	
640.18	0	640.18	-2	640.18	-1	640.18	1	640.18	-1	640.18	-2	640.18	2	640.18	2	640.18	1	640.18	0	640.18	2	640.18	4	640.18	5	640.18	5	
640.665	0	640.665	0	640.665	0	640.665	1	640.665	2	640.665	2	640.665	2	640.665	3	640.665	2	640.665	5	640.665	4	640.665	4	640.665	5	640.665	4	
641.15	-2	641.15	0	641.15	-9	641.15	0	641.15	0	641.15	6	641.15	0	641.15	7	641.15	6	641.15	8	641.15	9	641.15	9	641.15	6	641.15	8	
641.635	2	641.635	2	641.635	-1	641.635	1	641.635	0	641.635	0	641.635	-3	641.635	2	641.635	5	641.635	7	641.635	5	641.635	2	641.635	1	641.635	8	
642.121	2	642.121	-5	642.121	-1	642.121	-1	642.121	1	642.121	-4	642.121	0	642.121	1	642.121	0	642.121	3	642.121	2	642.121	2	642.121	3	642.121	6	
642.606	-2	642.606	1	642.606	-1	642.606	0	642.606	0	642.606	-3	642.606	1	642.606	2	642.606	7	642.606	5	642.606	3	642.606	8	642.606	7	642.606	5	
643.091	0	643.091	0	643.091	0	643.091	-5	643.091	0	643.091	1	643.091	-1	643.091	5	643.091	2	643.091	1	643.091	4	643.091	6	643.091	4	643.091	5	
643.576	0	643.576	-2	643.576	-4	643.576	0	643.576	3	643.576	1	643.576	-4	643.576	-1	643.576	5	643.576	3	643.576	7	643.576	7	643.576	8	643.576	8	
644.061	-1	644.061	-1	644.061	3	644.061	2	644.061	-1	644.061	0	644.061	1	644.061	3	644.061	4	644.061	6	644.061	2	644.061	5	644.061	4	644.061	10	
644.547	5	644.547	2	644.547	0	644.547	5	644.547	1	644.547	1	644.547	4	644.547	3	644.547	7	644.547	10	644.547	3	644.547	12	644.547	12	644.547	10	
645.032	4	645.032	2	645.032	-3	645.032	2	645.032	-2	645.032	7	645.032	-1	645.032	4	645.032	3	645.032	10	645.032	4	645.032	6	645.032	8	645.032	10	
645.517	2	645.517	-3	645.517	1	645.517	1	645.517	0	645.517	-3	645.517	3	645.517	4	645.517	3	645.517	2	645.517	9	645.517	5	645.517	9	645.517	9	
646.003	0	646.003	3	646.003	0	646.003	-1	646.003	0	646.003	3	646.003	3	646.003	4	646.003	2	646.003	3	646.003	4	646.003	8	646.003	6	646.003	10	
646.488	1	646.488	1	646.488	-7	646.488	3	646.488	2	646.488	-3	646.488	3	646.488	5	646.488	4	646.488	4	646.488	4	646.488	8	646.488	11	646.488	13	
646.973	0	646.973	-1	646.973	-1	646.973	0	646.973	0	646.973	1	646.973	2	646.973	3	646.973	6	646.973	9	646.973	2	646.973	8	646.973	8	646.973	9	
647.459	4	647.459	1	647.459	2	647.459	4	647.459	1	647.459	-1	647.459	3	647.459	8	647.459	7	647.459	9	647.459	8	647.459	8	647.459	12	647.459	15	
647.944	-3	647.944	-1	647.944	3	647.944	-1	647.944	3	647.944	-1	647.944	0	647.944	3	647.944	10	647.944	10	647.944	11	647.944	12	647.944	8	647.944	15	
648.43	4	648.43	2	648.43	2	648.43	2	648.43	-1	648.43	6	648.43	3	648.43	3	648.43	5	648.43	6	648.43	6	648.43	13	648.43	10	648.43	10	
648.915	1	648.915	0	648.915	0	648.915	1	648.915	1	648.915	-1	648.915	3	648.915	3	648.915	3	648.915	6	648.915	10	648.915	8	648.915	8	648.915	10	
649.401	3	649.401	1	649.401	-1	649.401	4	649.401	2	649.401	3	649.401	-1	649.401	8	649.401	6	649.401	4	649.401	10	649.401	10	649.401	12	649.401	13	
649.886	3	649.886	-1	649.886	2	649.886	1	649.886	-2	649.886	2	649.886	1	649.886	7	649.886	7	649.886	9	649.886	9	649.886	8	649.886	11	649.886	18	
650.372	3	650.372	0	650.372	0	650.372	-3	650.372	2	650.372	5	650.372	5	650.372	-1	650.372	6	650.372	4	650.372	9	650.372	10	650.372	8	650.372	14	
650.858	5	650.858	-2	650.858	1	650.858	3	650.858	1	650.858	5	650.858	4	650.858	5	650.858	5	650.858	4	650.858	6	650.858	9	650.858	13	650.858	10	
651.343	2	651.343	3	651.343	-2	651.343	2	651.343	0	651.343	7	651.343	5	651.343	7	651.343	5	651.343	9	651.343	12	651.343	13	651.343	12	651.343	16	
651.829	3	651.829	2	651.829	0	651.829	4	651.829	2	651.829	-2	651.829	8	651.829	5	651.829	5	651.829	12	651.829	13	651.829	13	651.829	13	651.829	17	
652.315	1	652.315	0	652.315	0	652.315	0	652.315	1	652.315	5	652.315	9	652.315	7	652.315	9	652.315	6	652.315	11	652.315	15	652.315	14	652.315	15	
652.8	2	652.8	-1	652.8	-3	652.8	2	652.8	3	652.8	2	652.8	3	652.8	6	652.8	8	652.8	9	652.8	13	652.8	11	652.8	17	652.8	12	
653.286	2	653.286	-1	653.286	-1	653.286	0	653.286	5	653.286	1	653.286	7	653.286	6	653.286	9	653.286	11	653.286	13	653.286	12	653.286	12	653.286	15	
653.772	3	653.772	-1	653.772	3	653.772	0	653.772	1	653.772	1	653.772	7	653.772	5	653.772	8	653.772	12	653.772	15	653.772	14	653.772	17	653.772	20	
654.258	-4	654.258	0	654.258	0	654.258	-1	654.258	5	654.258	3	654.258	6	654.258	2	654.258	9	654.258	14	654.258	12	654.258	17	654.258	16	654.258	17	
654.744	3	654.744	3	654.744	1	654.744	3	654.744	3	654.744	5	654.744	5	654.744	10	654.744	8	654.744	14	654.744	9	654.744	15	654.744	16	654.744	18	
655.229	4	655.229	1	655.229	-1	655.229	-1	655.229	-1	655.229	0	655.229	7	655.229	9	655.229	6	655.229	14	655.229	10	655.229	15	655.229	14	655.229	17	
655.715	4	655.715	0	655.715	-3	655.715	1	655.715	0	655.715	0	655.715	8	655.715	6	655.715	10	655.715	13	655.715	18	655.715	16	655.715	14	655.715	21	
656.201	-3	656.201	1	656.201	1	656.201	1	656.201	5	656.201	-1	656.201	1	656.201	7	656.201	5	656.201	11	656.201	16	656.201	16	656.201	13	656.201	19	
656.687	-1	656.687	1	656.687	-1	656.687	1	656.687	2	656.687	2	656.687	4	656.687	10	656.687	10	656.687	12	656.687	12	656.687	18	656.687	13	656.687	17	
657.173	-2	657.173	2	657.173	1	657.173	2	657.173	-2	657.173	3	657.173	5	657.173	8	657.173	13	657.173	16	657.173	16	657.173	17	657.173	20	657.173	20	
657.659	4	657.659	1	657.659	3	657.659	4	657.659	4	657.659	6	657.659	6	657.659	9	657.659	11	657.659	14	657.659	16	657.659	19	657.659	18	657.659	21	
658.145	1	658.145	5	658.145	1	658.145	0	658.145	4	658.145	5	658.145	6	658.145	13	658.145	18	658.145	16	658.145	19	658.145	20	658.145	19	658.145	26	
658.631	3	658.631	-1	658.631	-2	658.631	-1	658.631	4	658.631	6	658.631	4	658.631	8	658.631	10	658.631	14	658.631	16	658.631	17	658.631	20	658.631	21	
659.117	1	659.117	0	659.117	3	659.117	-2	659.117	1	659.117	4	659.117	2	659.117	10	659.117	12	659.117	18	659.117	19	659.117	22	659.117	23	659.117	23	
659.603	-4	659.603	-4	659.603	-3	659.603	-1	659.603	0	659.603	3	659.603	5	659.603	9	659.603	10	659.603	16	659.603	18	659.603	22	659.603	20	659.603	25	
660.089	-1	660.089	2	660.089	0	660.089	2	660.089	2	660.089	6	660.089	6	660.089	11	660.089	18	660.089	17	660.089	21	660.089	20	660.089	24	660.089	23	
660.576	1	660.576	1	660.576	-1	660.576	1	660.576	1	660.576	5	660.576	3	660.576	10	660.576	14	660.576	22	660.576	20	660.576	22	660.576	25	660.576	26	
661.062	1	661.062	3	661.062	1	661.062	0	661.062	1	661.062	5	661.062	6	661.062	11	661.062	16	661.062	18	661.062	20	661.062	28	661.062	25	661.062	29	
661.548	0	661.548	3	661.548	-2	661.548	-1	661.548	2	661.548	4	661.548	6	661.548	13	661.548	12	661.548	19	661.548	21	661.548	25	661.548	25	661.548	34	
662.034	1	662.034	1	662.034	-2	662.034	2	662.034	3	662.034	9	662.034	5	662.034	12	662.034	16	662.034	23	662.034	22	662.034	28	662.034	27	662.034	30	
662.52	4	662.52	3	662.52	2	662.52	5	662.52	7	662.52	9	662.52	12	662.52	17	662.52	18	662.52	24	662.52	22	662.52	29	662.52	32	662.52	29	
663.007	-1	663.007	1	663.007	1	663.007	6	663.007	0	663.007	5	663.007	7	663.007	12	663.007	20	663.007	22	663.007	28	663.007	26	663.007	31	663.007	32	
663.493	-4	663.493	-1	663.493	1	663.493	2	663.493	2	663.493	4	663.493	5	663.493	13	663.493	16	663.493	24	663.493	26	663.493	31	663.493	30	663.493	35	
663.979	5	663.979	0	663.979	-3	663.979	-4	663.979	6	663.979	1	663.979	8	663.979	14	663.979	18	663.979	24	663.979	27	663.979	31	663.979	32	663.979	34	
664.466	3	664.466	3	664.466	3	664.466	4	664.466	10	664.466	8	664.466	9	664.466	17	664.466	23	664.466	24	664.466	28	664.466	31	664.466	34	664.466	39	
664.952	3	664.952	1	664.952	1	664.952	1	664.952	6	664.952	3	664.952	8	664.952	12	664.952	22	664.952	25	664.952	29	664.952	30	664.952	37	664.952	33	
665.438	1	665.438	-2	665.438	-2	665.438	1	665.438	4	665.438	7	665.438	8	665.438	14	665.438	21	665.438	26	665.438	31	665.438	35	665.438	38	665.438	40	
665.925	0	665.925	-2	665.925	-3	665.925	3	665.925	2	665.925	6	665.925	13	665.925	11	665.925	19	665.925	27	665.925	29	665.925	34	665.925	35	665.925	40	
666.411	4	666.411	0	666.411	3	666.411	0	666.411	8	666.411	7	666.411	11	666.411	19	666.411	22	666.411	31	666.411	29	666.411	37	666.411	36	666.411	41	
666.898	-1	666.898	0	666.898	-3	666.898	2	666.898	5	666.898	3	666.898	8	666.898	16	666.898	17	666.898	27	666.898	31	666.898	38	666.898	41	666.898	41	
667.384	0	667.384	0	667.384	1	667.384	-1	667.384	1	667.384	6	667.384	7	667.384	18	667.384	23	667.384	32	667.384	34	667.384	39	667.384	43	667.384	46	
667.871	4	667.871	4	667.871	0	667.871	3	667.871	1	667.871	7	667.871	16	667.871	18	667.871	27	667.871	32	667.871	35	667.871	41	667.871	46	667.871	51	
668.357	4	668.357	1	668.357	2	668.357	0	668.357	5	668.357	10	668.357	9	668.357	21	668.357	29	668.357	33	668.357	33	668.357	44	668.357	44	668.357	50	
668.844	1	668.844	6	668.844	1	668.844	3	668.844	7	668.844	6	668.844	14	668.844	25	668.844	32	668.844	40	668.844	39	668.844	40	668.844	48	668.844	53	
669.33	2	669.33	1	669.33	2	669.33	3	669.33	6	669.33	5	669.33	15	669.33	23	669.33	28	669.33	39	669.33	42	669.33	43	669.33	50	669.33	56	
669.817	2	669.817	-4	669.817	1	669.817	3	669.817	3	669.817	3	669.817	12	669.817	18	669.817	24	669.817	35	669.817	39	669.817	46	669.817	49	669.817	53	
670.303	2	670.303	-1	670.303	-1	670.303	5	670.303	8	670.303	12	670.303	14	670.303	25	670.303	32	670.303	39	670.303	44	670.303	51	670.303	53	670.303	58	
670.79	2	670.79	-1	670.79	3	670.79	4	670.79	10	670.79	5	670.79	18	670.79	24	670.79	30	670.79	39	670.79	46	670.79	49	670.79	56	670.79	60	
671.277	0	671.277	2	671.277	-1	671.277	-1	671.277	7	671.277	7	671.277	14	671.277	27	671.277	31	671.277	46	671.277	45	671.277	49	671.277	59	671.277	64	
671.763	-1	671.763	2	671.763	0	671.763	3	671.763	7	671.763	4	671.763	14	671.763	25	671.763	30	671.763	38	671.763	47	671.763	49	671.763	55	671.763	62	
672.25	6	672.25	1	672.25	5	672.25	5	672.25	7	672.25	8	672.25	15	672.25	29	672.25	36	672.25	46	672.25	46	672.25	56	672.25	61	672.25	66	
672.737	6	672.737	2	672.737	3	672.737	5	672.737	9	672.737	10	672.737	17	672.737	24	672.737	37	672.737	50	672.737	52	672.737	63	672.737	64	672.737	67	
673.224	-1	673.224	0	673.224	-3	673.224	0	673.224	7	673.224	6	673.224	18	673.224	26	673.224	37	673.224	48	673.224	51	673.224	62	673.224	58	673.224	69	
673.71	2	673.71	1	673.71	1	673.71	-3	673.71	4	673.71	10	673.71	18	673.71	26	673.71	35	673.71	50	673.71	50	673.71	61	673.71	65	673.71	73	
674.197	0	674.197	-1	674.197	-3	674.197	0	674.197	7	674.197	1	674.197	17	674.197	27	674.197	35	674.197	49	674.197	53	674.197	63	674.197	64	674.197	74	
674.684	3	674.684	3	674.684	-5	674.684	1	674.684	6	674.684	7	674.684	19	674.684	28	674.684	36	674.684	52	674.684	57	674.684	65	674.684	71	674.684	78	
675.171	3	675.171	-1	675.171	-2	675.171	4	675.171	4	675.171	10	675.171	22	675.171	30	675.171	40	675.171	58	675.171	61	675.171	65	675.171	71	675.171	80	
675.658	-2	675.658	-4	675.658	-6	675.658	0	675.658	4	675.658	3	675.658	21	675.658	28	675.658	39	675.658	53	675.658	57	675.658	64	675.658	74	675.658	81	
676.145	-2	676.145	-2	676.145	-1	676.145	2	676.145	7	676.145	12	676.145	20	676.145	32	676.145	45	676.145	57	676.145	64	676.145	69	676.145	75	676.145	84	
676.632	4	676.632	-2	676.632	2	676.632	1	676.632	7	676.632	11	676.632	21	676.632	35	676.632	46	676.632	58	676.632	65	676.632	79	676.632	78	676.632	86	
677.118	0	677.118	3	677.118	0	677.118	4	677.118	7	677.118	12	677.118	20	677.118	32	677.118	47	677.118	66	677.118	67	677.118	76	677.118	81	677.118	91	
677.605	0	677.605	4	677.605	2	677.605	5	677.605	8	677.605	10	677.605	26	677.605	37	677.605	49	677.605	66	677.605	74	677.605	80	677.605	89	677.605	96	
678.092	2	678.092	1	678.092	1	678.092	4	678.092	10	678.092	12	678.092	25	678.092	40	678.092	51	678.092	72	678.092	72	678.092	79	678.092	90	678.092	99	
678.579	3	678.579	-2	678.579	-4	678.579	4	678.579	7	678.579	12	678.579	24	678.579	36	678.579	51	678.579	67	678.579	75	678.579	80	678.579	91	678.579	101	
679.066	0	679.066	3	679.066	0	679.066	1	679.066	7	679.066	12	679.066	24	679.066	40	679.066	54	679.066	71	679.066	80	679.066	85	679.066	97	679.066	101	
679.554	3	679.554	3	679.554	0	679.554	2	679.554	6	679.554	12	679.554	27	679.554	43	679.554	56	679.554	72	679.554	83	679.554	89	679.554	100	679.554	110	
680.041	1	680.041	3	680.041	2	680.041	4	680.041	6	680.041	16	680.041	25	680.041	43	680.041	58	680.041	76	680.041	84	680.041	94	680.041	99	680.041	112	
680.528	0	680.528	0	680.528	1	680.528	0	680.528	11	680.528	13	680.528	24	680.528	47	680.528	61	680.528	80	680.528	85	680.528	97	680.528	106	680.528	109	
681.015	-1	681.015	3	681.015	-1	681.015	7	681.015	11	681.015	18	681.015	31	681.015	49	681.015	66	681.015	81	681.015	89	681.015	100	681.015	108	681.015	119	
681.502	3	681.502	0	681.502	1	681.502	7	681.502	11	681.502	15	681.502	31	681.502	48	681.502	63	681.502	86	681.502	99	681.502	102	681.502	114	681.502	126	
681.989	3	681.989	-2	681.989	3	681.989	4	681.989	11	681.989	16	681.989	30	681.989	46	681.989	66	681.989	86	681.989	99	681.989	105	681.989	112	681.989	127	
682.476	3	682.476	-1	682.476	4	682.476	4	682.476	10	682.476	16	682.476	31	682.476	48	682.476	72	682.476	93	682.476	99	682.476	110	682.476	120	682.476	130	
682.963	2	682.963	8	682.963	3	682.963	3	682.963	13	682.963	23	682.963	36	682.963	50	682.963	76	682.963	95	682.963	103	682.963	116	682.963	124	682.963	135	
683.451	5	683.451	2	683.451	1	683.451	3	683.451	10	683.451	18	683.451	36	683.451	57	683.451	78	683.451	97	683.451	110	683.451	117	683.451	130	683.451	139	
683.938	0	683.938	0	683.938	1	683.938	2	683.938	12	683.938	17	683.938	36	683.938	58	683.938	77	683.938	103	683.938	110	683.938	122	683.938	135	683.938	148	
684.425	5	684.425	-2	684.425	5	684.425	6	684.425	15	684.425	23	684.425	40	684.425	62	684.425	84	684.425	108	684.425	118	684.425	129	684.425	137	684.425	152	
684.912	1	684.912	0	684.912	0	684.912	2	684.912	11	684.912	22	684.912	43	684.912	63	684.912	81	684.912	111	684.912	120	684.912	133	684.912	143	684.912	160	
685.4	0	685.4	1	685.4	6	685.4	8	685.4	8	685.4	23	685.4	43	685.4	67	685.4	93	685.4	112	685.4	130	685.4	140	685.4	148	685.4	163	
685.887	-2	685.887	-2	685.887	0	685.887	5	685.887	11	685.887	22	685.887	42	685.887	63	685.887	90	685.887	115	685.887	133	685.887	145	685.887	154	685.887	168	
686.374	3	686.374	3	686.374	0	686.374	6	686.374	11	686.374	24	686.374	45	686.374	72	686.374	98	686.374	123	686.374	134	686.374	148	686.374	163	686.374	174	
686.862	-2	686.862	1	686.862	1	686.862	2	686.862	14	686.862	19	686.862	43	686.862	72	686.862	95	686.862	126	686.862	135	686.862	155	686.862	169	686.862	175	
687.349	0	687.349	-1	687.349	3	687.349	4	687.349	17	687.349	24	687.349	46	687.349	70	687.349	104	687.349	132	687.349	149	687.349	160	687.349	174	687.349	187	
687.837	-4	687.837	1	687.837	3	687.837	7	687.837	12	687.837	26	687.837	49	687.837	78	687.837	107	687.837	137	687.837	150	687.837	168	687.837	177	687.837	192	
688.324	2	688.324	2	688.324	-2	688.324	8	688.324	16	688.324	29	688.324	58	688.324	83	688.324	112	688.324	143	688.324	159	688.324	173	688.324	184	688.324	201	
688.811	2	688.811	5	688.811	2	688.811	8	688.811	22	688.811	29	688.811	60	688.811	89	688.811	118	688.811	149	688.811	167	688.811	180	688.811	200	688.811	215	
689.299	0	689.299	7	689.299	-2	689.299	8	689.299	15	689.299	27	689.299	59	689.299	88	689.299	118	689.299	152	689.299	168	689.299	184	689.299	202	689.299	216	
689.786	4	689.786	-3	689.786	5	689.786	10	689.786	14	689.786	31	689.786	62	689.786	93	689.786	125	689.786	163	689.786	181	689.786	193	689.786	210	689.786	222	
690.274	0	690.274	-1	690.274	0	690.274	6	690.274	20	690.274	31	690.274	66	690.274	98	690.274	135	690.274	164	690.274	181	690.274	195	690.274	214	690.274	227	
690.761	8	690.761	2	690.761	2	690.761	11	690.761	23	690.761	34	690.761	62	690.761	103	690.761	139	690.761	172	690.761	184	690.761	206	690.761	218	690.761	241	
691.249	3	691.249	3	691.249	3	691.249	8	691.249	22	691.249	33	691.249	65	691.249	101	691.249	138	691.249	173	691.249	191	691.249	212	691.249	227	691.249	241	
691.736	1	691.736	3	691.736	4	691.736	11	691.736	23	691.736	35	691.736	68	691.736	109	691.736	146	691.736	182	691.736	200	691.736	222	691.736	236	691.736	255	
692.224	0	692.224	1	692.224	0	692.224	12	692.224	21	692.224	35	692.224	69	692.224	107	692.224	149	692.224	186	692.224	203	692.224	224	692.224	247	692.224	260	
692.712	-2	692.712	1	692.712	3	692.712	6	692.712	27	692.712	39	692.712	74	692.712	110	692.712	150	692.712	195	692.712	212	692.712	231	692.712	250	692.712	270	
693.199	-2	693.199	2	693.199	3	693.199	10	693.199	22	693.199	37	693.199	75	693.199	114	693.199	159	693.199	199	693.199	220	693.199	236	693.199	255	693.199	279	
693.687	-3	693.687	1	693.687	4	693.687	8	693.687	19	693.687	43	693.687	80	693.687	122	693.687	164	693.687	210	693.687	228	693.687	250	693.687	264	693.687	290	
694.175	2	694.175	3	694.175	-1	694.175	12	694.175	30	694.175	48	694.175	79	694.175	125	694.175	171	694.175	217	694.175	233	694.175	257	694.175	274	694.175	292	
694.662	-3	694.662	-1	694.662	1	694.662	12	694.662	23	694.662	41	694.662	82	694.662	133	694.662	174	694.662	222	694.662	239	694.662	260	694.662	283	694.662	303	
695.15	2	695.15	-3	695.15	3	695.15	11	695.15	28	695.15	41	695.15	88	695.15	133	695.15	177	695.15	226	695.15	244	695.15	269	695.15	294	695.15	309	
695.638	0	695.638	2	695.638	1	695.638	10	695.638	25	695.638	47	695.638	90	695.638	137	695.638	184	695.638	230	695.638	253	695.638	272	695.638	298	695.638	321	
696.125	-2	696.125	-2	696.125	1	696.125	10	696.125	24	696.125	45	696.125	91	696.125	135	696.125	186	696.125	235	696.125	253	696.125	279	696.125	301	696.125	326	
696.613	0	696.613	3	696.613	-2	696.613	11	696.613	30	696.613	50	696.613	95	696.613	146	696.613	195	696.613	248	696.613	266	696.613	284	696.613	313	696.613	337	
697.101	0	697.101	-6	697.101	4	697.101	5	697.101	25	697.101	45	697.101	93	697.101	148	697.101	197	697.101	245	697.101	268	697.101	297	697.101	318	697.101	343	
697.589	3	697.589	-1	697.589	1	697.589	9	697.589	31	697.589	50	697.589	103	697.589	154	697.589	204	697.589	255	697.589	282	697.589	302	697.589	325	697.589	350	
698.076	-3	698.076	-5	698.076	-3	698.076	6	698.076	23	698.076	48	698.076	102	698.076	155	698.076	209	698.076	259	698.076	280	698.076	308	698.076	334	698.076	355	
698.564	5	698.564	1	698.564	2	698.564	12	698.564	34	698.564	56	698.564	111	698.564	163	698.564	218	698.564	272	698.564	296	698.564	323	698.564	347	698.564	373	
699.052	-1	699.052	2	699.052	1	699.052	13	699.052	32	699.052	61	699.052	109	699.052	168	699.052	220	699.052	276	699.052	302	699.052	330	699.052	353	699.052	376	
699.54	3	699.54	-1	699.54	7	699.54	13	699.54	38	699.54	66	699.54	116	699.54	177	699.54	237	699.54	284	699.54	316	699.54	341	699.54	367	699.54	392	
700.028	4	700.028	1	700.028	3	700.028	16	700.028	34	700.028	62	700.028	117	700.028	181	700.028	239	700.028	294	700.028	321	700.028	349	700.028	371	700.028	396	
700.516	0	700.516	-3	700.516	1	700.516	14	700.516	34	700.516	67	700.516	125	700.516	184	700.516	245	700.516	304	700.516	334	700.516	357	700.516	385	700.516	412	
701.004	-1	701.004	0	701.004	1	701.004	15	701.004	40	701.004	65	701.004	125	701.004	189	701.004	253	701.004	315	701.004	344	701.004	372	701.004	393	701.004	424	
701.492	0	701.492	-1	701.492	0	701.492	11	701.492	37	701.492	66	701.492	126	701.492	190	701.492	252	701.492	318	701.492	342	701.492	372	701.492	396	701.492	429	
701.98	-3	701.98	-3	701.98	-3	701.98	11	701.98	36	701.98	67	701.98	128	701.98	201	701.98	263	701.98	326	701.98	361	701.98	381	701.98	409	701.98	437	
702.468	-0.5	702.468	-0.5	702.468	-2	702.468	13.5	702.468	39.5	702.468	71.5	702.468	136.5	702.468	207	702.468	272	702.468	335.5	702.468	370.5	702.468	395.5	702.468	423.5	702.468	451.5	
702.956	2	702.956	2	702.956	-1	702.956	16	702.956	43	702.956	76	702.956	145	702.956	213	702.956	281	702.956	345	702.956	380	702.956	410	702.956	438	702.956	466	
703.444	4	703.444	1	703.444	2	703.444	19	703.444	46	703.444	79	703.444	151	703.444	220	703.444	288	703.444	357	703.444	393	703.444	427	703.444	452	703.444	486	
703.932	4	703.932	-1	703.932	2	703.932	20	703.932	49	703.932	78	703.932	151	703.932	223	703.932	299	703.932	372	703.932	403	703.932	430	703.932	465	703.932	488	
704.42	2	704.42	-2	704.42	-4	704.42	17	704.42	45	704.42	78	704.42	157	704.42	230	704.42	307	704.42	375	704.42	405	704.42	440	704.42	472	704.42	499	
704.908	0	704.908	2	704.908	4	704.908	16	704.908	48	704.908	86	704.908	156	704.908	236	704.908	312	704.908	380	704.908	414	704.908	457	704.908	481	704.908	512	
705.396	4	705.396	5	705.396	3	705.396	21	705.396	53	705.396	90	705.396	170	705.396	251	705.396	331	705.396	406	705.396	442	705.396	478	705.396	516	705.396	545	
705.884	0	705.884	0	705.884	3	705.884	23	705.884	54	705.884	93	705.884	174	705.884	255	705.884	336	705.884	414	705.884	449	705.884	484	705.884	520	705.884	553	
706.372	2	706.372	3	706.372	3	706.372	23	706.372	56	706.372	91	706.372	177	706.372	260	706.372	351	706.372	428	706.372	467	706.372	502	706.372	535	706.372	570	
706.86	-2	706.86	-1	706.86	-1	706.86	19	706.86	54	706.86	97	706.86	182	706.86	265	706.86	354	706.86	435	706.86	470	706.86	507	706.86	544	706.86	575	
707.348	3	707.348	5	707.348	4	707.348	27	707.348	57	707.348	104	707.348	188	707.348	278	707.348	366	707.348	450	707.348	487	707.348	525	707.348	558	707.348	598	
707.836	4	707.836	2	707.836	2	707.836	23	707.836	62	707.836	105	707.836	196	707.836	288	707.836	373	707.836	460	707.836	501	707.836	537	707.836	573	707.836	604	
708.325	1	708.325	-2	708.325	3	708.325	25	708.325	61	708.325	104	708.325	195	708.325	294	708.325	382	708.325	469	708.325	507	708.325	542	708.325	580	708.325	619	
708.813	0	708.813	1	708.813	5	708.813	21	708.813	66	708.813	113	708.813	205	708.813	308	708.813	391	708.813	488	708.813	525	708.813	568	708.813	608	708.813	644	
709.301	0	709.301	0	709.301	1	709.301	28	709.301	65	709.301	116	709.301	211	709.301	307	709.301	405	709.301	496	709.301	537	709.301	578	709.301	610	709.301	653	
709.789	4	709.789	2	709.789	-1	709.789	25	709.789	69	709.789	118	709.789	217	709.789	318	709.789	414	709.789	501	709.789	541	709.789	585	709.789	628	709.789	666	
710.277	-2	710.277	0	710.277	4	710.277	27	710.277	69	710.277	118	710.277	221	710.277	326	710.277	417	710.277	512	710.277	560	710.277	602	710.277	640	710.277	685	
710.766	-3	710.766	1	710.766	0	710.766	26	710.766	69	710.766	125	710.766	223	710.766	333	710.766	432	710.766	530	710.766	572	710.766	617	710.766	660	710.766	697	
711.254	2	711.254	-2	711.254	2	711.254	25	711.254	75	711.254	125	711.254	233	711.254	337	711.254	443	711.254	544	711.254	591	711.254	632	711.254	676	711.254	716	
711.742	2	711.742	0	711.742	3	711.742	32	711.742	81	711.742	130	711.742	238	711.742	352	711.742	450	711.742	554	711.742	607	711.742	653	711.742	693	711.742	732	
712.231	-2	712.231	0	712.231	-6	712.231	27	712.231	78	712.231	131	712.231	244	712.231	361	712.231	463	712.231	565	712.231	616	712.231	664	712.231	705	712.231	750	
712.719	2	712.719	2	712.719	3	712.719	27	712.719	78	712.719	135	712.719	242	712.719	363	712.719	465	712.719	573	712.719	612	712.719	659	712.719	708	712.719	746	
713.207	-2	713.207	-2	713.207	-1	713.207	28	713.207	79	713.207	134	713.207	259	713.207	367	713.207	484	713.207	591	713.207	632	713.207	684	713.207	727	713.207	770	
713.696	2	713.696	0	713.696	4	713.696	32	713.696	86	713.696	141	713.696	263	713.696	379	713.696	488	713.696	590	713.696	643	713.696	695	713.696	738	713.696	784	
714.184	4	714.184	8	714.184	2	714.184	30	714.184	87	714.184	142	714.184	267	714.184	387	714.184	502	714.184	605	714.184	657	714.184	701	714.184	748	714.184	800	
714.672	2	714.672	1	714.672	4	714.672	35	714.672	87	714.672	151	714.672	268	714.672	395	714.672	508	714.672	619	714.672	667	714.672	714	714.672	762	714.672	811	
715.161	-3	715.161	-2	715.161	0	715.161	31	715.161	86	715.161	149	715.161	272	715.161	397	715.161	507	715.161	617	715.161	673	715.161	719	715.161	765	715.161	812	
715.649	3	715.649	1	715.649	6	715.649	35	715.649	94	715.649	157	715.649	284	715.649	406	715.649	526	715.649	638	715.649	691	715.649	740	715.649	787	715.649	830	
716.138	2	716.138	5	716.138	2	716.138	35	716.138	95	716.138	158	716.138	288	716.138	417	716.138	531	716.138	647	716.138	701	716.138	747	716.138	800	716.138	840	
716.626	-2	716.626	-1	716.626	2	716.626	39	716.626	92	716.626	161	716.626	291	716.626	414	716.626	536	716.626	649	716.626	699	716.626	756	716.626	800	716.626	845	
717.114	2	717.114	0	717.114	1	717.114	42	717.114	94	717.114	163	717.114	297	717.114	428	717.114	549	717.114	665	717.114	716	717.114	766	717.114	816	717.114	867	
717.603	2	717.603	-1	717.603	4	717.603	37	717.603	97	717.603	162	717.603	294	717.603	429	717.603	551	717.603	656	717.603	718	717.603	764	717.603	809	717.603	863	
718.091	1	718.091	2	718.091	4	718.091	33	718.091	103	718.091	170	718.091	306	718.091	437	718.091	557	718.091	668	718.091	721	718.091	771	718.091	821	718.091	869	
718.58	-2	718.58	-1	718.58	2	718.58	41	718.58	102	718.58	173	718.58	310	718.58	444	718.58	568	718.58	682	718.58	740	718.58	788	718.58	838	718.58	884	
719.068	2	719.068	1	719.068	4	719.068	38	719.068	103	719.068	173	719.068	314	719.068	451	719.068	572	719.068	691	719.068	741	719.068	795	719.068	844	719.068	890	
719.557	-3	719.557	0	719.557	3	719.557	38	719.557	103	719.557	176	719.557	315	719.557	441	719.557	565	719.557	681	719.557	732	719.557	781	719.557	826	719.557	879	
720.046	1	720.046	3	720.046	4	720.046	41	720.046	106	720.046	177	720.046	321	720.046	451	720.046	578	720.046	688	720.046	736	720.046	791	720.046	836	720.046	886	
720.534	1	720.534	0	720.534	2	720.534	42	720.534	112	720.534	186	720.534	324	720.534	460	720.534	583	720.534	699	720.534	755	720.534	801	720.534	854	720.534	900	
721.023	-1	721.023	-2	721.023	0	721.023	43	721.023	112	721.023	184	721.023	326	721.023	457	721.023	580	721.023	690	721.023	748	721.023	796	721.023	844	721.023	897	
721.511	4	721.511	2	721.511	4	721.511	46	721.511	113	721.511	190	721.511	329	721.511	467	721.511	589	721.511	702	721.511	757	721.511	806	721.511	856	721.511	903	
722	0	722	-5	722	0	722	45	722	111	722	187	722	332	722	462	722	585	722	705	722	754	722	802	722	851	722	902	
722.488	1	722.488	3	722.488	5	722.488	48	722.488	117	722.488	194	722.488	337	722.488	468	722.488	594	722.488	707	722.488	759	722.488	809	722.488	856	722.488	907	
722.977	3	722.977	-2	722.977	4	722.977	49	722.977	119	722.977	192	722.977	337	722.977	469	722.977	587	722.977	703	722.977	754	722.977	803	722.977	853	722.977	899	
723.466	-2	723.466	-3	723.466	2	723.466	46	723.466	115	723.466	196	723.466	337	723.466	470	723.466	586	723.466	699	723.466	753	723.466	802	723.466	847	723.466	893	
723.954	1	723.954	-2	723.954	2	723.954	42	723.954	118	723.954	193	723.954	336	723.954	470	723.954	585	723.954	697	723.954	748	723.954	798	723.954	846	723.954	890	
724.443	-2	724.443	-1	724.443	1	724.443	47	724.443	117	724.443	186	724.443	341	724.443	473	724.443	586	724.443	695	724.443	752	724.443	799	724.443	850	724.443	898	
724.932	3	724.932	3	724.932	1	724.932	51	724.932	125	724.932	198	724.932	341	724.932	470	724.932	588	724.932	697	724.932	749	724.932	797	724.932	849	724.932	892	
725.421	-3	725.421	-2	725.421	6	725.421	45	725.421	117	725.421	190	725.421	327	725.421	462	725.421	576	725.421	686	725.421	736	725.421	788	725.421	834	725.421	879	
725.909	0	725.909	-2	725.909	1	725.909	45	725.909	121	725.909	190	725.909	332	725.909	463	725.909	583	725.909	687	725.909	738	725.909	792	725.909	833	725.909	875	
726.398	3	726.398	2	726.398	3	726.398	45	726.398	115	726.398	192	726.398	332	726.398	461	726.398	573	726.398	681	726.398	736	726.398	779	726.398	827	726.398	869	
726.887	-1	726.887	-2	726.887	4	726.887	46	726.887	115	726.887	191	726.887	328	726.887	456	726.887	566	726.887	676	726.887	723	726.887	771	726.887	817	726.887	856	
727.375	3	727.375	4	727.375	7	727.375	48	727.375	121	727.375	193	727.375	332	727.375	454	727.375	569	727.375	670	727.375	722	727.375	769	727.375	815	727.375	857	
727.864	-2	727.864	-1	727.864	0	727.864	44	727.864	112	727.864	190	727.864	322	727.864	451	727.864	560	727.864	666	727.864	717	727.864	759	727.864	807	727.864	854	
728.353	-2	728.353	-2	728.353	2	728.353	42	728.353	115	728.353	187	728.353	320	728.353	445	728.353	559	728.353	669	728.353	720	728.353	764	728.353	805	728.353	852	
728.842	3	728.842	7	728.842	7	728.842	49	728.842	114	728.842	184	728.842	318	728.842	438	728.842	548	728.842	655	728.842	703	728.842	747	728.842	790	728.842	832	
729.331	0	729.331	1	729.331	3	729.331	47	729.331	111	729.331	186	729.331	310	729.331	438	729.331	543	729.331	643	729.331	697	729.331	738	729.331	785	729.331	824	
729.819	0	729.819	3	729.819	3	729.819	42	729.819	106	729.819	175	729.819	304	729.819	423	729.819	531	729.819	638	729.819	676	729.819	727	729.819	772	729.819	817	
730.308	-1	730.308	-1	730.308	-1	730.308	39	730.308	103	730.308	171	730.308	297	730.308	417	730.308	523	730.308	625	730.308	673	730.308	719	730.308	760	730.308	803	
730.797	4	730.797	-4	730.797	6	730.797	42	730.797	105	730.797	169	730.797	296	730.797	415	730.797	515	730.797	620	730.797	670	730.797	715	730.797	756	730.797	798	
731.286	1	731.286	2	731.286	0	731.286	41	731.286	97	731.286	162	731.286	282	731.286	398	731.286	505	731.286	600	731.286	649	731.286	691	731.286	732	731.286	779	
731.775	2	731.775	2	731.775	4	731.775	36	731.775	94	731.775	153	731.775	271	731.775	378	731.775	487	731.775	589	731.775	630	731.775	683	731.775	721	731.775	762	
732.264	0	732.264	3	732.264	4	732.264	34	732.264	94	732.264	151	732.264	267	732.264	380	732.264	481	732.264	583	732.264	626	732.264	674	732.264	714	732.264	753	
732.753	6	732.753	7	732.753	2	732.753	31	732.753	88	732.753	145	732.753	259	732.753	369	732.753	465	732.753	568	732.753	611	732.753	656	732.753	700	732.753	737	
733.242	-3	733.242	2	733.242	3	733.242	35	733.242	83	733.242	140	733.242	247	733.242	358	733.242	457	733.242	553	733.242	598	733.242	648	733.242	688	733.242	729	
733.73	-3	733.73	-4	733.73	-3	733.73	29	733.73	76	733.73	129	733.73	232	733.73	337	733.73	437	733.73	531	733.73	580	733.73	622	733.73	666	733.73	706	
734.219	2	734.219	1	734.219	3	734.219	29	734.219	78	734.219	128	734.219	229	734.219	331	734.219	427	734.219	521	734.219	567	734.219	608	734.219	655	734.219	697	
734.708	7	734.708	-1	734.708	5	734.708	31	734.708	73	734.708	123	734.708	216	734.708	318	734.708	409	734.708	504	734.708	545	734.708	592	734.708	633	734.708	675	
735.197	-1	735.197	2	735.197	5	735.197	24	735.197	68	735.197	116	735.197	211	735.197	307	735.197	404	735.197	498	735.197	539	735.197	583	735.197	623	735.197	666	
735.686	5	735.686	-4	735.686	2	735.686	24	735.686	66	735.686	107	735.686	199	735.686	297	735.686	386	735.686	480	735.686	518	735.686	560	735.686	602	735.686	639	
736.175	4	736.175	5	736.175	5	736.175	20	736.175	64	736.175	103	736.175	194	736.175	285	736.175	370	736.175	459	736.175	503	736.175	548	736.175	590	736.175	632	
736.664	1	736.664	0	736.664	2	736.664	21	736.664	49	736.664	92	736.664	182	736.664	270	736.664	351	736.664	446	736.664	480	736.664	526	736.664	567	736.664	613	
737.153	5	737.153	6	737.153	5	737.153	22	737.153	53	737.153	91	737.153	174	737.153	255	737.153	344	737.153	425	737.153	468	737.153	514	737.153	552	737.153	594	
737.642	3	737.642	5	737.642	-1	737.642	15	737.642	48	737.642	87	737.642	162	737.642	242	737.642	330	737.642	410	737.642	450	737.642	494	737.642	532	737.642	579	
738.131	2	738.131	-2	738.131	-1	738.131	15	738.131	44	738.131	77	738.131	154	738.131	234	738.131	310	738.131	388	738.131	440	738.131	480	738.131	517	738.131	560	
738.62	0	738.62	-4	738.62	2	738.62	15	738.62	36	738.62	70	738.62	140	738.62	215	738.62	296	738.62	379	738.62	413	738.62	454	738.62	495	738.62	535	
739.109	-3	739.109	3	739.109	2	739.109	14	739.109	35	739.109	70	739.109	139	739.109	210	739.109	284	739.109	362	739.109	399	739.109	439	739.109	476	739.109	516	
739.599	0	739.599	3	739.599	1	739.599	14	739.599	40	739.599	70	739.599	132	739.599	200	739.599	268	739.599	342	739.599	382	739.599	425	739.599	463	739.599	502	
740.088	0	740.088	-2	740.088	2	740.088	12	740.088	28	740.088	56	740.088	115	740.088	186	740.088	251	740.088	321	740.088	360	740.088	398	740.088	442	740.088	478	
740.577	3	740.577	4	740.577	1	740.577	12	740.577	32	740.577	58	740.577	110	740.577	178	740.577	241	740.577	314	740.577	353	740.577	383	740.577	425	740.577	462	
741.066	1	741.066	2	741.066	2	741.066	9	741.066	29	741.066	53	741.066	108	741.066	169	741.066	229	741.066	294	741.066	332	741.066	367	741.066	400	741.066	439	
741.555	3	741.555	-1	741.555	1	741.555	8	741.555	25	741.555	50	741.555	99	741.555	161	741.555	216	741.555	281	741.555	315	741.555	355	741.555	388	741.555	425	
742.044	3	742.044	2	742.044	0	742.044	7	742.044	24	742.044	45	742.044	91	742.044	146	742.044	203	742.044	264	742.044	300	742.044	335	742.044	371	742.044	408	
742.533	1	742.533	-3	742.533	1	742.533	4	742.533	26	742.533	42	742.533	81	742.533	134	742.533	191	742.533	252	742.533	281	742.533	316	742.533	352	742.533	386	
743.022	-1	743.022	-1	743.022	0	743.022	10	743.022	20	743.022	37	743.022	78	743.022	127	743.022	181	743.022	238	743.022	268	743.022	296	743.022	330	743.022	364	
743.511	-1	743.511	-1	743.511	2	743.511	3	743.511	21	743.511	33	743.511	73	743.511	118	743.511	167	743.511	222	743.511	253	743.511	282	743.511	312	743.511	352	
744.001	1	744.001	1	744.001	1	744.001	4	744.001	16	744.001	35	744.001	65	744.001	109	744.001	159	744.001	212	744.001	239	744.001	265	744.001	299	744.001	331	
744.49	1	744.49	2	744.49	2	744.49	3	744.49	15	744.49	36	744.49	64	744.49	101	744.49	149	744.49	199	744.49	228	744.49	246	744.49	281	744.49	307	
744.979	-3	744.979	-3	744.979	-2	744.979	4	744.979	16	744.979	29	744.979	56	744.979	95	744.979	135	744.979	187	744.979	207	744.979	237	744.979	264	744.979	289	
745.468	-3	745.468	2	745.468	0	745.468	6	745.468	14	745.468	24	745.468	55	745.468	91	745.468	133	745.468	174	745.468	201	745.468	228	745.468	252	745.468	286	
745.957	2	745.957	-2	745.957	1	745.957	6	745.957	12	745.957	23	745.957	48	745.957	81	745.957	119	745.957	161	745.957	187	745.957	213	745.957	240	745.957	266	
746.447	1	746.447	-1	746.447	3	746.447	4	746.447	13	746.447	21	746.447	48	746.447	78	746.447	114	746.447	155	746.447	169	746.447	195	746.447	218	746.447	247	
746.936	-1	746.936	-2	746.936	-1	746.936	3	746.936	10	746.936	18	746.936	44	746.936	73	746.936	103	746.936	142	746.936	161	746.936	185	746.936	209	746.936	233	
747.425	5	747.425	4	747.425	1	747.425	5	747.425	11	747.425	25	747.425	41	747.425	69	747.425	101	747.425	135	747.425	154	747.425	176	747.425	198	747.425	223	
747.914	3	747.914	3	747.914	0	747.914	4	747.914	11	747.914	19	747.914	37	747.914	64	747.914	91	747.914	124	747.914	139	747.914	159	747.914	187	747.914	201	
748.403	6	748.403	5	748.403	2	748.403	6	748.403	15	748.403	18	748.403	37	748.403	61	748.403	85	748.403	119	748.403	138	748.403	156	748.403	174	748.403	199	
748.893	2	748.893	-2	748.893	3	748.893	2	748.893	11	748.893	14	748.893	33	748.893	57	748.893	77	748.893	111	748.893	122	748.893	144	748.893	164	748.893	179	
749.382	-2	749.382	1	749.382	2	749.382	1	749.382	5	749.382	12	749.382	30	749.382	50	749.382	72	749.382	99	749.382	113	749.382	130	749.382	146	749.382	167	
749.871	2	749.871	4	749.871	-2	749.871	5	749.871	8	749.871	12	749.871	31	749.871	48	749.871	69	749.871	92	749.871	112	749.871	123	749.871	139	749.871	159	
750.361	2	750.361	1	750.361	5	750.361	5	750.361	8	750.361	11	750.361	33	750.361	44	750.361	62	750.361	90	750.361	98	750.361	114	750.361	135	750.361	149	
750.85	2	750.85	1	750.85	-2	750.85	3	750.85	4	750.85	4	750.85	25	750.85	36	750.85	56	750.85	84	750.85	88	750.85	102	750.85	116	750.85	131	
751.339	3	751.339	5	751.339	4	751.339	4	751.339	9	751.339	12	751.339	24	751.339	37	751.339	53	751.339	75	751.339	89	751.339	101	751.339	116	751.339	132	
751.829	2	751.829	-3	751.829	0	751.829	3	751.829	4	751.829	7	751.829	20	751.829	34	751.829	49	751.829	69	751.829	76	751.829	91	751.829	105	751.829	120	
752.318	3	752.318	2	752.318	0	752.318	-1	752.318	4	752.318	8	752.318	19	752.318	34	752.318	45	752.318	66	752.318	73	752.318	90	752.318	98	752.318	114	
752.807	1	752.807	-3	752.807	-2	752.807	0	752.807	0	752.807	4	752.807	14	752.807	28	752.807	39	752.807	56	752.807	66	752.807	76	752.807	84	752.807	100	
753.297	-3	753.297	0	753.297	1	753.297	3	753.297	5	753.297	8	753.297	18	753.297	27	753.297	39	753.297	56	753.297	64	753.297	72	753.297	78	753.297	95	
753.786	-3	753.786	-1	753.786	-2	753.786	2	753.786	3	753.786	2	753.786	15	753.786	23	753.786	34	753.786	51	753.786	60	753.786	65	753.786	80	753.786	90	
754.275	3	754.275	3	754.275	3	754.275	3	754.275	8	754.275	6	754.275	15	754.275	25	754.275	35	754.275	49	754.275	58	754.275	67	754.275	77	754.275	82	
754.765	0	754.765	1	754.765	5	754.765	6	754.765	6	754.765	7	754.765	13	754.765	22	754.765	30	754.765	45	754.765	54	754.765	59	754.765	68	754.765	76	
755.254	0	755.254	2	755.254	-4	755.254	2	755.254	2	755.254	0	755.254	17	755.254	20	755.254	29	755.254	43	755.254	46	755.254	53	755.254	56	755.254	68	
755.743	4	755.743	1	755.743	4	755.743	2	755.743	1	755.743	12	755.743	15	755.743	21	755.743	33	755.743	42	755.743	48	755.743	53	755.743	54	755.743	72	
756.233	2	756.233	1	756.233	4	756.233	0	756.233	4	756.233	4	756.233	15	756.233	20	756.233	26	756.233	36	756.233	45	756.233	51	756.233	55	756.233	65	
756.722	5	756.722	0	756.722	3	756.722	0	756.722	4	756.722	4	756.722	10	756.722	14	756.722	24	756.722	33	756.722	38	756.722	46	756.722	51	756.722	56	
757.212	0	757.212	7	757.212	4	757.212	-1	757.212	7	757.212	6	757.212	10	757.212	15	757.212	22	757.212	32	757.212	36	757.212	40	757.212	44	757.212	52	
757.701	1	757.701	0	757.701	-3	757.701	2	757.701	2	757.701	5	757.701	6	757.701	17	757.701	23	757.701	29	757.701	35	757.701	42	757.701	43	757.701	52	
758.19	5	758.19	3	758.19	3	758.19	4	758.19	6	758.19	8	758.19	11	758.19	14	758.19	25	758.19	31	758.19	33	758.19	36	758.19	45	758.19	49	
758.68	-3	758.68	-3	758.68	-1	758.68	1	758.68	0	758.68	5	758.68	4	758.68	9	758.68	17	758.68	24	758.68	26	758.68	36	758.68	37	758.68	44	
759.169	-1	759.169	2	759.169	-1	759.169	-1	759.169	4	759.169	2	759.169	4	759.169	13	759.169	15	759.169	21	759.169	28	759.169	34	759.169	35	759.169	41	
759.659	2	759.659	-3	759.659	-3	759.659	0	759.659	4	759.659	0	759.659	10	759.659	14	759.659	16	759.659	21	759.659	28	759.659	33	759.659	32	759.659	40	
760.148	3	760.148	3	760.148	-2	760.148	5	760.148	3	760.148	7	760.148	12	760.148	12	760.148	18	760.148	23	760.148	24	760.148	29	760.148	33	760.148	37	
760.638	2	760.638	4	760.638	2	760.638	3	760.638	3	760.638	4	760.638	9	760.638	11	760.638	14	760.638	22	760.638	23	760.638	29	760.638	28	760.638	35	
761.127	2	761.127	1	761.127	-1	761.127	1	761.127	3	761.127	4	761.127	8	761.127	12	761.127	11	761.127	20	761.127	22	761.127	23	761.127	29	761.127	32	
761.617	1	761.617	-1	761.617	-2	761.617	2	761.617	1	761.617	7	761.617	6	761.617	7	761.617	12	761.617	18	761.617	19	761.617	25	761.617	22	761.617	29	
762.106	3	762.106	1	762.106	0	762.106	-3	762.106	1	762.106	1	762.106	7	762.106	12	762.106	15	762.106	18	762.106	16	762.106	22	762.106	25	762.106	28	
762.596	-2	762.596	1	762.596	-1	762.596	0	762.596	-1	762.596	6	762.596	6	762.596	7	762.596	13	762.596	17	762.596	16	762.596	18	762.596	20	762.596	28	
763.085	-1	763.085	-4	763.085	1	763.085	1	763.085	0	763.085	2	763.085	5	763.085	10	763.085	6	763.085	13	763.085	16	763.085	19	763.085	17	763.085	23	
763.575	2	763.575	0	763.575	-2	763.575	-1	763.575	-1	763.575	4	763.575	7	763.575	6	763.575	15	763.575	13	763.575	17	763.575	18	763.575	21	763.575	25	
764.064	1	764.064	1	764.064	0	764.064	3	764.064	3	764.064	-2	764.064	7	764.064	10	764.064	14	764.064	12	764.064	15	764.064	22	764.064	17	764.064	21	
764.554	3	764.554	0	764.554	1	764.554	-1	764.554	7	764.554	3	764.554	4	764.554	8	764.554	10	764.554	13	764.554	10	764.554	16	764.554	18	764.554	22	
765.043	-1	765.043	-2	765.043	3	765.043	3	765.043	7	765.043	3	765.043	3	765.043	9	765.043	9	765.043	11	765.043	18	765.043	17	765.043	19	765.043	17	
765.533	4	765.533	1	765.533	1	765.533	-3	765.533	-2	765.533	2	765.533	2	765.533	5	765.533	6	765.533	11	765.533	13	765.533	17	765.533	14	765.533	20	
766.022	6	766.022	5	766.022	3	766.022	3	766.022	0	766.022	8	766.022	5	766.022	9	766.022	13	766.022	17	766.022	14	766.022	17	766.022	20	766.022	20	
766.512	0	766.512	2	766.512	0	766.512	3	766.512	8	766.512	2	766.512	3	766.512	7	766.512	11	766.512	7	766.512	13	766.512	14	766.512	13	766.512	18	
767.001	-4	767.001	1	767.001	1	767.001	-2	767.001	1	767.001	-2	767.001	4	767.001	6	767.001	6	767.001	11	767.001	11	767.001	9	767.001	12	767.001	9	
767.491	0	767.491	-1	767.491	1	767.491	2	767.491	4	767.491	0	767.491	6	767.491	6	767.491	9	767.491	8	767.491	12	767.491	13	767.491	12	767.491	17	
767.981	-5	767.981	-3	767.981	-5	767.981	-4	767.981	-6	767.981	-2	767.981	-2	767.981	2	767.981	3	767.981	7	767.981	9	767.981	5	767.981	12	767.981	13	
768.47	2	768.47	1	768.47	1	768.47	5	768.47	1	768.47	1	768.47	8	768.47	6	768.47	9	768.47	11	768.47	10	768.47	15	768.47	17	768.47	13	
768.96	-2	768.96	0	768.96	-2	768.96	-1	768.96	5	768.96	2	768.96	5	768.96	5	768.96	4	768.96	9	768.96	10	768.96	9	768.96	11	768.96	12	
769.449	-1	769.449	1	769.449	-1	769.449	-2	769.449	2	769.449	-1	769.449	2	769.449	5	769.449	4	769.449	8	769.449	10	769.449	12	769.449	11	769.449	12	
769.939	1	769.939	0	769.939	0	769.939	2	769.939	2	769.939	1	769.939	-1	769.939	3	769.939	10	769.939	10	769.939	8	769.939	12	769.939	13	769.939	12	
770.428	2	770.428	-1	770.428	5	770.428	7	770.428	3	770.428	4	770.428	2	770.428	4	770.428	7	770.428	7	770.428	9	770.428	12	770.428	11	770.428	12	
770.918	2	770.918	3	770.918	-3	770.918	-4	770.918	1	770.918	-3	770.918	-1	770.918	4	770.918	4	770.918	5	770.918	8	770.918	7	770.918	4	770.918	9	
771.408	0	771.408	-4	771.408	-3	771.408	-3	771.408	-4	771.408	-1	771.408	4	771.408	-1	771.408	3	771.408	7	771.408	6	771.408	6	771.408	7	771.408	10	
771.897	-2	771.897	0	771.897	1	771.897	4	771.897	0	771.897	1	771.897	2	771.897	2	771.897	6	771.897	7	771.897	8	771.897	8	771.897	7	771.897	13	
772.387	2	772.387	-1	772.387	3	772.387	5	772.387	5	772.387	1	772.387	4	772.387	6	772.387	3	772.387	9	772.387	6	772.387	12	772.387	9	772.387	11	
772.877	-1	772.877	2	772.877	2	772.877	0	772.877	4	772.877	4	772.877	2	772.877	8	772.877	7	772.877	7	772.877	8	772.877	6	772.877	9	772.877	9	
773.366	3	773.366	0	773.366	-3	773.366	-3	773.366	1	773.366	3	773.366	-1	773.366	3	773.366	7	773.366	7	773.366	4	773.366	9	773.366	5	773.366	12	
773.856	1	773.856	-1	773.856	-2	773.856	1	773.856	1	773.856	3	773.856	4	773.856	3	773.856	8	773.856	8	773.856	9	773.856	9	773.856	5	773.856	11	
774.346	1	774.346	-3	774.346	-1	774.346	-1	774.346	0	774.346	-1	774.346	3	774.346	-1	774.346	5	774.346	7	774.346	6	774.346	5	774.346	4	774.346	9	
774.835	0	774.835	6	774.835	3	774.835	0	774.835	4	774.835	1	774.835	3	774.835	9	774.835	7	774.835	7	774.835	8	774.835	9	774.835	11	774.835	11	
775.325	3	775.325	5	775.325	2	775.325	0	775.325	2	775.325	6	775.325	4	775.325	4	775.325	4	775.325	7	775.325	10	775.325	8	775.325	8	775.325	8	
775.814	3	775.814	2	775.814	5	775.814	4	775.814	4	775.814	3	775.814	0	775.814	5	775.814	6	775.814	6	775.814	8	775.814	8	775.814	9	775.814	11	
776.304	3	776.304	0	776.304	3	776.304	2	776.304	3	776.304	3	776.304	6	776.304	6	776.304	3	776.304	9	776.304	8	776.304	6	776.304	6	776.304	11	
776.794	0	776.794	1	776.794	4	776.794	2	776.794	2	776.794	2	776.794	3	776.794	8	776.794	3	776.794	8	776.794	6	776.794	6	776.794	6	776.794	8	
777.283	-2	777.283	0	777.283	0	777.283	0	777.283	0	777.283	2	777.283	3	777.283	3	777.283	5	777.283	6	777.283	6	777.283	2	777.283	4	777.283	7	
777.773	2	777.773	-1	777.773	1	777.773	2	777.773	2	777.773	-2	777.773	-1	777.773	3	777.773	5	777.773	4	777.773	6	777.773	6	777.773	6	777.773	4	
778.263	2	778.263	-1	778.263	-1	778.263	-2	778.263	0	778.263	0	778.263	3	778.263	8	778.263	4	778.263	6	778.263	2	778.263	6	778.263	5	778.263	5	
778.753	5	778.753	3	778.753	-3	778.753	4	778.753	4	778.753	5	778.753	6	778.753	8	778.753	7	778.753	5	778.753	9	778.753	9	778.753	3	778.753	7	
779.242	-2	779.242	2	779.242	-3	779.242	1	779.242	1	779.242	3	779.242	1	779.242	2	779.242	4	779.242	5	779.242	5	779.242	8	779.242	4	779.242	8	
779.732	1	779.732	5	779.732	0	779.732	4	779.732	6	779.732	-3	779.732	1	779.732	4	779.732	7	779.732	3	779.732	8	779.732	6	779.732	5	779.732	9	
780.222	1	780.222	-1	780.222	2	780.222	3	780.222	2	780.222	-3	780.222	3	780.222	3	780.222	7	780.222	6	780.222	5	780.222	6	780.222	6	780.222	12	
780.711	1	780.711	1	780.711	-1	780.711	-1	780.711	4	780.711	1	780.711	3	780.711	3	780.711	4	780.711	3	780.711	2	780.711	3	780.711	6	780.711	8	
781.201	1	781.201	1	781.201	-2	781.201	1	781.201	1	781.201	-4	781.201	1	781.201	3	781.201	4	781.201	4	781.201	5	781.201	8	781.201	1	781.201	7	
781.691	-2	781.691	-4	781.691	-3	781.691	0	781.691	-5	781.691	-2	781.691	-1	781.691	-1	781.691	0	781.691	-1	781.691	1	781.691	2	781.691	4	781.691	4	
782.18	0	782.18	3	782.18	3	782.18	3	782.18	7	782.18	3	782.18	1	782.18	6	782.18	5	782.18	4	782.18	7	782.18	6	782.18	7	782.18	9	
782.67	-3	782.67	-3	782.67	0	782.67	-2	782.67	1	782.67	0	782.67	-1	782.67	4	782.67	4	782.67	2	782.67	3	782.67	6	782.67	5	782.67	9	
783.16	1	783.16	-1	783.16	-1	783.16	-3	783.16	2	783.16	2	783.16	3	783.16	0	783.16	7	783.16	2	783.16	6	783.16	8	783.16	7	783.16	6	
783.65	-2	783.65	2	783.65	0	783.65	1	783.65	-4	783.65	0	783.65	0	783.65	2	783.65	1	783.65	5	783.65	4	783.65	7	783.65	4	783.65	3	
784.139	4	784.139	-2	784.139	7	784.139	-1	784.139	6	784.139	4	784.139	6	784.139	7	784.139	6	784.139	4	784.139	8	784.139	8	784.139	3	784.139	4	
784.629	-1	784.629	2	784.629	0	784.629	1	784.629	0	784.629	5	784.629	6	784.629	7	784.629	5	784.629	5	784.629	6	784.629	7	784.629	3	784.629	3	
785.119	-1	785.119	1	785.119	-1	785.119	2	785.119	0	785.119	0	785.119	-1	785.119	6	785.119	6	785.119	4	785.119	3	785.119	2	785.119	5	785.119	8	
785.609	0	785.609	-1	785.609	0	785.609	1	785.609	1	785.609	4	785.609	5	785.609	3	785.609	2	785.609	3	785.609	6	785.609	9	785.609	4	785.609	7	
786.098	-1	786.098	4	786.098	4	786.098	4	786.098	1	786.098	1	786.098	1	786.098	7	786.098	3	786.098	3	786.098	8	786.098	7	786.098	7	786.098	9	
786.588	-4	786.588	-1	786.588	-3	786.588	-2	786.588	0	786.588	2	786.588	3	786.588	2	786.588	-2	786.588	8	786.588	-1	786.588	-1	786.588	4	786.588	1	
787.078	2	787.078	-3	787.078	-3	787.078	-2	787.078	5	787.078	1	787.078	1	787.078	4	787.078	3	787.078	3	787.078	3	787.078	3	787.078	0	787.078	4	
787.568	2	787.568	4	787.568	5	787.568	5	787.568	6	787.568	8	787.568	7	787.568	4	787.568	3	787.568	9	787.568	8	787.568	7	787.568	6	787.568	10	
788.057	2	788.057	0	788.057	3	788.057	3	788.057	6	788.057	7	788.057	3	788.057	5	788.057	6	788.057	7	788.057	4	788.057	6	788.057	11	788.057	7	
788.547	-3	788.547	1	788.547	-4	788.547	4	788.547	-3	788.547	0	788.547	2	788.547	5	788.547	1	788.547	2	788.547	0	788.547	1	788.547	4	788.547	5	
789.037	1	789.037	1	789.037	-2	789.037	4	789.037	3	789.037	2	789.037	-2	789.037	4	789.037	3	789.037	0	789.037	-1	789.037	5	789.037	5	789.037	5	
789.527	7	789.527	4	789.527	5	789.527	6	789.527	2	789.527	0	789.527	7	789.527	2	789.527	5	789.527	9	789.527	9	789.527	9	789.527	5	789.527	11	
790.016	-3	790.016	3	790.016	1	790.016	3	790.016	1	790.016	4	790.016	2	790.016	5	790.016	4	790.016	8	790.016	5	790.016	4	790.016	6	790.016	6	
790.506	1	790.506	3	790.506	2	790.506	1	790.506	4	790.506	-3	790.506	5	790.506	4	790.506	6	790.506	2	790.506	5	790.506	5	790.506	9	790.506	7	
790.996	-3	790.996	-2	790.996	-1	790.996	0	790.996	3	790.996	1	790.996	2	790.996	4	790.996	3	790.996	2	790.996	4	790.996	3	790.996	4	790.996	3	
791.486	1	791.486	-2	791.486	-1	791.486	-1	791.486	3	791.486	2	791.486	0	791.486	4	791.486	5	791.486	2	791.486	4	791.486	7	791.486	7	791.486	6	
791.975	-1	791.975	-1	791.975	2	791.975	0	791.975	5	791.975	2	791.975	2	791.975	2	791.975	5	791.975	3	791.975	9	791.975	5	791.975	7	791.975	11	
792.465	3	792.465	1	792.465	0	792.465	3	792.465	0	792.465	2	792.465	4	792.465	3	792.465	4	792.465	3	792.465	7	792.465	6	792.465	10	792.465	8	
792.955	1	792.955	2	792.955	0	792.955	1	792.955	4	792.955	0	792.955	6	792.955	4	792.955	1	792.955	3	792.955	6	792.955	4	792.955	7	792.955	8	
793.445	1	793.445	1	793.445	4	793.445	2	793.445	-1	793.445	5	793.445	5	793.445	4	793.445	4	793.445	5	793.445	5	793.445	7	793.445	6	793.445	7	
793.935	-1	793.935	-2	793.935	-2	793.935	-2	793.935	1	793.935	3	793.935	1	793.935	4	793.935	4	793.935	4	793.935	2	793.935	5	793.935	4	793.935	-2	
794.424	-1	794.424	-1	794.424	-2	794.424	2	794.424	1	794.424	1	794.424	4	794.424	2	794.424	1	794.424	7	794.424	4	794.424	2	794.424	5	794.424	7	
794.914	5	794.914	2	794.914	1	794.914	2	794.914	1	794.914	0	794.914	1	794.914	5	794.914	9	794.914	4	794.914	5	794.914	5	794.914	7	794.914	4	
795.404	1	795.404	3	795.404	5	795.404	4	795.404	0	795.404	1	795.404	3	795.404	8	795.404	4	795.404	8	795.404	6	795.404	7	795.404	6	795.404	7	
795.894	2	795.894	2	795.894	-1	795.894	3	795.894	4	795.894	4	795.894	5	795.894	5	795.894	5	795.894	9	795.894	6	795.894	10	795.894	8	795.894	7	
796.384	-1	796.384	0	796.384	-4	796.384	-2	796.384	3	796.384	-3	796.384	3	796.384	-2	796.384	-4	796.384	6	796.384	1	796.384	7	796.384	5	796.384	5	
796.873	2	796.873	5	796.873	2	796.873	1	796.873	3	796.873	-4	796.873	4	796.873	4	796.873	4	796.873	3	796.873	5	796.873	8	796.873	6	796.873	8	
797.363	5	797.363	3	797.363	4	797.363	2	797.363	3	797.363	1	797.363	-1	797.363	3	797.363	7	797.363	9	797.363	6	797.363	3	797.363	8	797.363	9	
797.853	-1	797.853	-2	797.853	1	797.853	1	797.853	-2	797.853	5	797.853	4	797.853	2	797.853	3	797.853	2	797.853	3	797.853	3	797.853	3	797.853	2	
798.343	4	798.343	2	798.343	7	798.343	-1	798.343	4	798.343	7	798.343	3	798.343	8	798.343	4	798.343	7	798.343	6	798.343	8	798.343	6	798.343	10	
798.833	4	798.833	1	798.833	-1	798.833	2	798.833	6	798.833	0	798.833	0	798.833	2	798.833	4	798.833	5	798.833	7	798.833	9	798.833	9	798.833	2	
799.322	1	799.322	3	799.322	0	799.322	1	799.322	1	799.322	-1	799.322	7	799.322	6	799.322	6	799.322	8	799.322	6	799.322	7	799.322	8	799.322	6	
799.812	4	799.812	-4	799.812	2	799.812	3	799.812	6	799.812	4	799.812	5	799.812	7	799.812	3	799.812	6	799.812	4	799.812	4	799.812	6	799.812	9	
800.302	3	800.302	-2	800.302	0	800.302	2	800.302	2	800.302	5	800.302	3	800.302	3	800.302	3	800.302	8	800.302	4	800.302	8	800.302	7	800.302	7	
800.792	2	800.792	6	800.792	2	800.792	3	800.792	6	800.792	5	800.792	3	800.792	11	800.792	8	800.792	7	800.792	7	800.792	8	800.792	5	800.792	7	
801.282	1	801.282	1	801.282	1	801.282	1	801.282	1	801.282	0	801.282	-1	801.282	3	801.282	3	801.282	8	801.282	6	801.282	8	801.282	2	801.282	4	
801.771	-2	801.771	-3	801.771	2	801.771	0	801.771	0	801.771	-3	801.771	3	801.771	-2	801.771	4	801.771	5	801.771	7	801.771	7	801.771	6	801.771	6	
802.261	2	802.261	4	802.261	5	802.261	-1	802.261	2	802.261	2	802.261	3	802.261	2	802.261	4	802.261	9	802.261	4	802.261	8	802.261	8	802.261	11	
802.751	-2	802.751	2	802.751	3	802.751	5	802.751	5	802.751	6	802.751	6	802.751	7	802.751	9	802.751	12	802.751	3	802.751	10	802.751	10	802.751	11	
803.241	-1	803.241	2	803.241	1	803.241	-2	803.241	-1	803.241	0	803.241	0	803.241	5	803.241	3	803.241	7	803.241	5	803.241	3	803.241	5	803.241	4	
803.731	4	803.731	5	803.731	-2	803.731	1	803.731	2	803.731	-1	803.731	4	803.731	0	803.731	5	803.731	6	803.731	9	803.731	7	803.731	10	803.731	7	
804.22	3	804.22	2	804.22	-1	804.22	-3	804.22	3	804.22	3	804.22	1	804.22	5	804.22	5	804.22	10	804.22	5	804.22	5	804.22	6	804.22	7	
804.71	0	804.71	0	804.71	5	804.71	5	804.71	4	804.71	1	804.71	0	804.71	4	804.71	4	804.71	8	804.71	6	804.71	10	804.71	7	804.71	10	
805.2	1	805.2	1	805.2	1	805.2	2	805.2	4	805.2	6	805.2	6	805.2	2	805.2	4	805.2	12	805.2	7	805.2	10	805.2	4	805.2	9	
805.69	2	805.69	4	805.69	-2	805.69	3	805.69	1	805.69	8	805.69	7	805.69	5	805.69	9	805.69	6	805.69	8	805.69	7	805.69	9	805.69	10	
806.18	4	806.18	2	806.18	6	806.18	5	806.18	3	806.18	0	806.18	8	806.18	10	806.18	9	806.18	12	806.18	10	806.18	13	806.18	12	806.18	10	
806.669	2	806.669	2	806.669	6	806.669	4	806.669	4	806.669	1	806.669	4	806.669	10	806.669	2	806.669	10	806.669	12	806.669	8	806.669	4	806.669	7	
807.159	1	807.159	4	807.159	2	807.159	5	807.159	4	807.159	0	807.159	5	807.159	5	807.159	8	807.159	12	807.159	2	807.159	12	807.159	9	807.159	8	
807.649	1	807.649	-1	807.649	0	807.649	-1	807.649	-1	807.649	3	807.649	2	807.649	5	807.649	7	807.649	7	807.649	5	807.649	4	807.649	8	807.649	7	
808.139	5	808.139	2	808.139	2	808.139	1	808.139	2	808.139	7	808.139	4	808.139	10	808.139	8	808.139	8	808.139	7	808.139	12	808.139	8	808.139	7	
808.629	0	808.629	-2	808.629	-1	808.629	3	808.629	5	808.629	0	808.629	2	808.629	6	808.629	8	808.629	4	808.629	9	808.629	8	808.629	5	808.629	6	
809.118	-1	809.118	-4	809.118	-4	809.118	-4	809.118	1	809.118	1	809.118	1	809.118	5	809.118	0	809.118	2	809.118	6	809.118	5	809.118	3	809.118	5	
809.608	0	809.608	0	809.608	4	809.608	-3	809.608	-1	809.608	4	809.608	0	809.608	4	809.608	6	809.608	6	809.608	4	809.608	6	809.608	9	809.608	9	
810.098	2	810.098	3	810.098	1	810.098	-1	810.098	0	810.098	5	810.098	6	810.098	7	810.098	5	810.098	8	810.098	9	810.098	9	810.098	8	810.098	13	
810.588	-1	810.588	2	810.588	1	810.588	2	810.588	0	810.588	1	810.588	4	810.588	8	810.588	5	810.588	9	810.588	8	810.588	9	810.588	4	810.588	8	
811.077	0	811.077	0	811.077	0	811.077	0	811.077	3	811.077	0	811.077	5	811.077	2	811.077	4	811.077	4	811.077	8	811.077	6	811.077	7	811.077	6	
811.567	2	811.567	3	811.567	-1	811.567	0	811.567	3	811.567	4	811.567	-1	811.567	5	811.567	8	811.567	7	811.567	7	811.567	8	811.567	11	811.567	6	
812.057	-3	812.057	1	812.057	3	812.057	-1	812.057	1	812.057	3	812.057	0	812.057	3	812.057	5	812.057	8	812.057	7	812.057	11	812.057	5	812.057	7	
812.547	4	812.547	1	812.547	4	812.547	8	812.547	4	812.547	7	812.547	7	812.547	5	812.547	10	812.547	7	812.547	13	812.547	12	812.547	10	812.547	16	
813.037	-1	813.037	3	813.037	0	813.037	-1	813.037	5	813.037	3	813.037	3	813.037	6	813.037	0	813.037	8	813.037	5	813.037	6	813.037	7	813.037	9	
813.526	-1	813.526	3	813.526	0	813.526	-1	813.526	2	813.526	1	813.526	-1	813.526	3	813.526	6	813.526	5	813.526	7	813.526	6	813.526	7	813.526	8	
814.016	-3	814.016	1	814.016	-4	814.016	3	814.016	2	814.016	6	814.016	0	814.016	5	814.016	7	814.016	6	814.016	3	814.016	4	814.016	5	814.016	8	
814.506	-5	814.506	-8	814.506	-5	814.506	-7	814.506	-7	814.506	-3	814.506	-4	814.506	-2	814.506	-7	814.506	2	814.506	1	814.506	3	814.506	1	814.506	6	
814.996	-1	814.996	1	814.996	-1	814.996	5	814.996	7	814.996	4	814.996	7	814.996	4	814.996	8	814.996	9	814.996	5	814.996	11	814.996	12	814.996	8	
815.486	2	815.486	4	815.486	1	815.486	6	815.486	2	815.486	2	815.486	8	815.486	6	815.486	11	815.486	7	815.486	5	815.486	11	815.486	15	815.486	11	
815.975	-3	815.975	-1	815.975	3	815.975	4	815.975	0	815.975	4	815.975	3	815.975	7	815.975	5	815.975	7	815.975	3	815.975	7	815.975	8	815.975	6	
816.465	-2	816.465	0	816.465	-3	816.465	0	816.465	3	816.465	6	816.465	2	816.465	5	816.465	8	816.465	7	816.465	5	816.465	6	816.465	6	816.465	8	
816.955	-3	816.955	-3	816.955	-3	816.955	-5	816.955	2	816.955	-1	816.955	4	816.955	3	816.955	0	816.955	4	816.955	4	816.955	6	816.955	3	816.955	4	
817.445	1	817.445	2	817.445	3	817.445	3	817.445	0	817.445	3	817.445	5	817.445	6	817.445	0	817.445	8	817.445	11	817.445	10	817.445	11	817.445	10	
817.934	1	817.934	3	817.934	1	817.934	2	817.934	4	817.934	4	817.934	2	817.934	5	817.934	9	817.934	9	817.934	6	817.934	10	817.934	6	817.934	7	
818.424	-5	818.424	0	818.424	0	818.424	-2	818.424	1	818.424	3	818.424	1	818.424	3	818.424	3	818.424	9	818.424	8	818.424	8	818.424	10	818.424	10	
818.914	2	818.914	-2	818.914	-2	818.914	2	818.914	4	818.914	-3	818.914	3	818.914	4	818.914	8	818.914	13	818.914	6	818.914	11	818.914	8	818.914	11	
819.404	1	819.404	0	819.404	4	819.404	1	819.404	2	819.404	1	819.404	2	819.404	4	819.404	3	819.404	6	819.404	6	819.404	5	819.404	10	819.404	8	
819.893	2	819.893	4	819.893	0	819.893	-1	819.893	2	819.893	4	819.893	3	819.893	7	819.893	8	819.893	8	819.893	5	819.893	8	819.893	6	819.893	8	
820.383	4	820.383	1	820.383	-1	820.383	0	820.383	0	820.383	3	820.383	2	820.383	3	820.383	-4	820.383	3	820.383	5	820.383	8	820.383	5	820.383	8	
820.873	8	820.873	5	820.873	3	820.873	0	820.873	5	820.873	1	820.873	0	820.873	2	820.873	3	820.873	8	820.873	10	820.873	7	820.873	5	820.873	7	
821.363	1	821.363	3	821.363	2	821.363	-2	821.363	3	821.363	2	821.363	8	821.363	7	821.363	5	821.363	8	821.363	4	821.363	5	821.363	10	821.363	10	
821.852	2	821.852	-3	821.852	0	821.852	-4	821.852	4	821.852	3	821.852	3	821.852	6	821.852	7	821.852	6	821.852	3	821.852	6	821.852	8	821.852	8	
822.342	4	822.342	0	822.342	0	822.342	4	822.342	2	822.342	4	822.342	8	822.342	6	822.342	5	822.342	9	822.342	9	822.342	9	822.342	7	822.342	6	
822.832	6	822.832	8	822.832	0	822.832	3	822.832	6	822.832	2	822.832	4	822.832	7	822.832	10	822.832	7	822.832	11	822.832	9	822.832	8	822.832	12	
823.322	3	823.322	2	823.322	3	823.322	2	823.322	2	823.322	4	823.322	4	823.322	6	823.322	6	823.322	14	823.322	8	823.322	11	823.322	11	823.322	8	
823.811	2	823.811	0	823.811	-1	823.811	2	823.811	5	823.811	4	823.811	4	823.811	8	823.811	7	823.811	12	823.811	7	823.811	9	823.811	10	823.811	6	
824.301	0	824.301	2	824.301	-1	824.301	0	824.301	4	824.301	-1	824.301	-3	824.301	4	824.301	7	824.301	8	824.301	4	824.301	9	824.301	6	824.301	9	
824.791	0	824.791	3	824.791	3	824.791	0	824.791	2	824.791	2	824.791	6	824.791	2	824.791	5	824.791	6	824.791	5	824.791	9	824.791	6	824.791	7	
825.281	3	825.281	4	825.281	3	825.281	4	825.281	3	825.281	2	825.281	6	825.281	4	825.281	7	825.281	7	825.281	7	825.281	7	825.281	6	825.281	8	
