{
    "maximum": {
        "blue": 126,
        "cool_white": 118,
        "warm_white": 95,
        "orange_red": 101,
        "red": 75.0,
        "far_red": 32807.58649999998
    },
    "safe_maximum": {
        "blue": 114,
        "cool_white": 101,
        "warm_white": 80,
        "orange_red": 89,
        "red": 29.0,
        "far_red": 21487.820999999996
    }
}