{
    "maximum": {
        "blue": 126,
        "cool_white": 118,
        "warm_white": 95,
        "orange_red": 101,
        "red": 75.0,
        "far_red": 32.807586499999985
    },
    "safe_maximum": {
        "blue": 100,
        "cool_white": 98,
        "warm_white": 80,
        "orange_red": 79.0,
        "red": 60.0,
        "far_red": 21.487820999999997
    }
}